Unnamed: 0,TIME_PERIOD,REF_AREA,HICP - Overall index (Monthly),HICP - Food & Beverages (Monthly),HICP - Housing & Electricity (Monthly)
0,2020-01,U2,1.4,1.7,0.6
1,2020-02,U2,1.2,1.8,0.2
2,2020-03,U2,0.7,2.3,-0.4
3,2020-04,U2,0.3,3.6,-1.0
4,2020-05,U2,0.1,3.4,-1.3
5,2020-06,U2,0.3,3.0,-1.1
6,2020-07,U2,0.4,1.6,-1.2
7,2020-08,U2,-0.2,1.2,-1.1
8,2020-09,U2,-0.3,1.4,-1.2
9,2020-10,U2,-0.3,1.7,-1.2
10,2020-11,U2,-0.3,1.5,-1.0
11,2020-12,U2,-0.3,0.9,-0.6
12,2021-01,U2,0.9,1.0,0.3
13,2021-02,U2,0.9,0.8,0.5
14,2021-03,U2,1.3,0.7,1.6
15,2021-04,U2,1.6,0.0,3.0
16,2021-05,U2,2.0,0.1,3.5
17,2021-06,U2,1.9,0.2,3.7
18,2021-07,U2,2.2,1.4,4.7
19,2021-08,U2,3.0,1.9,5.2
20,2021-09,U2,3.4,1.9,5.9
21,2021-10,U2,4.1,1.8,8.0
22,2021-11,U2,4.9,2.2,9.1
23,2021-12,U2,5.0,3.5,9.7
24,2022-01,U2,5.1,3.9,11.9
25,2022-02,U2,5.9,4.7,13.4
26,2022-03,U2,7.4,5.7,17.2
27,2022-04,U2,7.4,7.4,15.9
28,2022-05,U2,8.1,8.7,16.3
29,2022-06,U2,8.6,10.4,16.9
30,2022-07,U2,8.9,11.5,17.7
31,2022-08,U2,9.1,12.4,19.7
32,2022-09,U2,9.9,13.8,21.1
33,2022-10,U2,10.6,15.5,23.2
34,2022-11,U2,10.1,16.0,20.6
35,2022-12,U2,9.2,16.0,16.3
36,2023-01,U2,8.6,16.3,12.0
37,2023-02,U2,8.5,17.3,10.1
38,2023-03,U2,6.9,17.5,4.6
39,2023-04,U2,7.0,15.0,4.8
40,2023-05,U2,6.1,13.7,4.1
41,2023-06,U2,5.5,12.6,2.5
42,2023-07,U2,5.3,11.6,0.8
43,2023-08,U2,5.2,10.3,-0.7
44,2023-09,U2,4.3,9.1,-2.3
45,2023-10,U2,2.9,7.5,-6.1
46,2023-11,U2,2.4,6.9,-5.6
47,2023-12,U2,2.9,6.1,-2.8
48,2024-01,U2,2.8,5.4,-1.2
49,2024-02,U2,2.6,3.3,-0.4
50,2024-03,U2,2.4,2.0,0.6
51,2024-04,U2,2.4,2.2,0.9
52,2024-05,U2,2.6,2.0,1.0
53,2024-06,U2,2.5,1.8,1.7
54,2024-07,U2,2.6,1.6,2.6
55,2024-08,U2,2.2,1.7,2.0
56,2024-09,U2,1.7,1.7,1.8
57,2024-10,U2,2.0,2.2,2.0
58,2024-11,U2,2.2,2.0,2.7
59,2024-12,U2,2.4,1.9,2.9
60,2025-01,U2,2.5,1.6,3.1
61,2025-02,U2,2.3,2.2,2.7
62,2025-03,U2,2.2,2.6,2.9
63,2025-04,U2,2.2,2.7,2.3
64,2025-05,U2,1.9,2.9,2.2
65,2020-01,AT,2.2,1.2,2.9
66,2020-02,AT,2.2,1.9,2.6
67,2020-03,AT,1.6,1.9,2.2
68,2020-04,AT,1.5,2.7,2.0
69,2020-05,AT,0.6,1.4,1.8
70,2020-06,AT,1.1,2.8,2.0
71,2020-07,AT,1.8,2.6,2.1
72,2020-08,AT,1.4,2.3,2.0
73,2020-09,AT,1.2,2.8,2.0
74,2020-10,AT,1.1,2.7,1.8
75,2020-11,AT,1.1,2.7,1.8
76,2020-12,AT,1.0,2.9,1.9
77,2021-01,AT,1.1,-1.1,2.3
78,2021-02,AT,1.4,1.4,2.7
79,2021-03,AT,2.0,1.1,2.9
80,2021-04,AT,1.9,0.0,2.9
81,2021-05,AT,3.0,1.7,2.9
82,2021-06,AT,2.8,0.0,2.5
83,2021-07,AT,2.8,0.0,2.6
84,2021-08,AT,3.2,0.5,2.8
85,2021-09,AT,3.3,0.6,3.1
86,2021-10,AT,3.8,1.0,4.1
87,2021-11,AT,4.1,1.5,4.7
88,2021-12,AT,3.8,1.6,5.1
89,2022-01,AT,4.5,4.9,5.4
90,2022-02,AT,5.5,4.3,8.6
91,2022-03,AT,6.6,5.8,10.3
92,2022-04,AT,7.1,8.3,10.5
93,2022-05,AT,7.7,9.0,10.1
94,2022-06,AT,8.7,11.3,11.2
95,2022-07,AT,9.4,12.1,13.9
96,2022-08,AT,9.3,13.1,15.0
97,2022-09,AT,11.0,13.9,24.4
98,2022-10,AT,11.6,14.4,23.8
99,2022-11,AT,11.2,15.3,22.3
100,2022-12,AT,10.5,16.2,17.7
101,2023-01,AT,11.6,17.0,22.7
102,2023-02,AT,11.0,16.2,18.4
103,2023-03,AT,9.2,14.5,15.0
104,2023-04,AT,9.4,13.2,16.0
105,2023-05,AT,8.7,12.2,16.9
106,2023-06,AT,7.8,11.1,15.6
107,2023-07,AT,7.0,10.6,12.0
108,2023-08,AT,7.5,9.9,11.7
109,2023-09,AT,5.8,8.4,3.4
110,2023-10,AT,4.9,7.3,3.6
111,2023-11,AT,4.9,7.3,4.1
112,2023-12,AT,5.7,6.1,7.5
113,2024-01,AT,4.3,5.5,2.6
114,2024-02,AT,4.0,3.8,1.8
115,2024-03,AT,4.1,3.6,2.9
116,2024-04,AT,3.4,3.3,1.4
117,2024-05,AT,3.3,3.1,0.8
118,2024-06,AT,3.1,1.9,1.1
119,2024-07,AT,2.9,1.3,1.4
120,2024-08,AT,2.4,1.4,0.1
121,2024-09,AT,1.8,2.2,-0.4
122,2024-10,AT,1.8,2.7,-1.8
123,2024-11,AT,1.9,2.1,-1.6
124,2024-12,AT,2.1,1.6,-1.4
125,2025-01,AT,3.4,2.1,5.2
126,2025-02,AT,3.4,2.6,6.5
127,2025-03,AT,3.1,3.1,6.6
128,2025-04,AT,3.3,2.8,6.8
129,2025-05,AT,3.0,3.3,6.7
130,2020-01,BE,1.4,0.9,-0.4
131,2020-02,BE,1.0,1.7,-2.4
132,2020-03,BE,0.4,2.4,-4.1
133,2020-04,BE,0.0,3.3,-5.0
134,2020-05,BE,-0.2,3.6,-5.8
135,2020-06,BE,0.2,3.0,-4.2
136,2020-07,BE,1.7,3.3,-3.8
137,2020-08,BE,-0.9,3.2,-3.5
138,2020-09,BE,0.5,3.5,-4.0
139,2020-10,BE,0.4,3.2,-3.0
140,2020-11,BE,0.2,2.3,-3.0
141,2020-12,BE,0.4,1.6,-2.1
142,2021-01,BE,0.6,0.7,-1.0
143,2021-02,BE,0.3,-0.1,1.8
144,2021-03,BE,1.6,-0.7,4.3
145,2021-04,BE,2.1,-1.3,6.2
146,2021-05,BE,2.5,-1.5,7.9
147,2021-06,BE,2.6,-1.2,8.6
148,2021-07,BE,1.4,-1.1,10.7
149,2021-08,BE,4.7,-0.8,12.1
150,2021-09,BE,3.8,-0.7,13.1
151,2021-10,BE,5.4,-0.4,19.2
152,2021-11,BE,7.1,0.3,26.5
153,2021-12,BE,6.6,1.4,23.5
154,2022-01,BE,8.5,2.5,34.5
155,2022-02,BE,9.5,4.1,34.3
156,2022-03,BE,9.3,4.7,33.0
157,2022-04,BE,9.3,5.5,32.6
158,2022-05,BE,9.9,7.0,33.5
159,2022-06,BE,10.5,8.7,32.4
160,2022-07,BE,10.4,9.9,29.4
161,2022-08,BE,10.5,10.3,31.2
162,2022-09,BE,12.1,11.3,39.3
163,2022-10,BE,13.1,13.2,42.0
164,2022-11,BE,10.5,15.3,24.3
165,2022-12,BE,10.2,15.4,22.6
166,2023-01,BE,7.4,18.8,2.4
167,2023-02,BE,5.4,19.4,-8.1
168,2023-03,BE,4.9,20.3,-9.7
169,2023-04,BE,3.3,17.1,-16.3
170,2023-05,BE,2.7,16.1,-18.9
171,2023-06,BE,1.6,14.2,-20.9
172,2023-07,BE,1.7,13.7,-19.4
173,2023-08,BE,2.4,12.5,-18.4
174,2023-09,BE,0.7,11.4,-23.6
175,2023-10,BE,-1.7,9.2,-29.6
176,2023-11,BE,-0.8,7.9,-23.9
177,2023-12,BE,0.5,7.1,-18.6
178,2024-01,BE,1.5,5.1,-12.6
179,2024-02,BE,3.6,3.3,2.2
180,2024-03,BE,3.8,1.8,5.0
181,2024-04,BE,4.9,1.5,13.0
182,2024-05,BE,4.9,1.3,14.3
183,2024-06,BE,5.4,1.5,17.9
184,2024-07,BE,5.4,1.1,16.8
185,2024-08,BE,4.3,1.8,11.6
186,2024-09,BE,4.3,1.6,12.8
187,2024-10,BE,4.5,2.4,12.3
188,2024-11,BE,4.8,2.0,13.4
189,2024-12,BE,4.4,1.7,11.3
190,2025-01,BE,4.4,2.4,15.8
191,2025-02,BE,4.4,2.4,10.2
192,2025-03,BE,3.6,2.4,8.9
193,2025-04,BE,3.1,2.7,7.3
194,2025-05,BE,2.8,2.6,6.2
195,2020-01,BG,3.4,7.5,2.2
196,2020-02,BG,3.1,6.5,2.3
197,2020-03,BG,2.4,6.6,2.2
198,2020-04,BG,1.3,6.1,0.5
199,2020-05,BG,1.0,6.0,0.4
200,2020-06,BG,0.9,6.6,0.3
201,2020-07,BG,0.4,5.1,0.7
202,2020-08,BG,0.6,4.2,0.8
203,2020-09,BG,0.6,4.0,0.8
204,2020-10,BG,0.6,3.6,0.8
205,2020-11,BG,0.3,2.8,0.9
206,2020-12,BG,0.0,2.0,1.0
207,2021-01,BG,-0.3,-0.1,0.6
208,2021-02,BG,0.2,0.4,0.7
209,2021-03,BG,0.8,0.2,0.8
210,2021-04,BG,2.0,0.6,2.8
211,2021-05,BG,2.3,0.9,3.1
212,2021-06,BG,2.4,0.8,3.5
213,2021-07,BG,2.2,1.8,4.3
214,2021-08,BG,2.5,3.3,4.9
215,2021-09,BG,4.0,4.0,5.6
216,2021-10,BG,5.2,5.5,8.1
217,2021-11,BG,6.3,6.8,9.6
218,2021-12,BG,6.6,8.4,10.4
219,2022-01,BG,7.7,10.5,12.5
220,2022-02,BG,8.4,13.1,12.0
221,2022-03,BG,10.5,16.5,13.3
222,2022-04,BG,12.1,20.2,15.2
223,2022-05,BG,13.4,22.1,16.9
224,2022-06,BG,14.8,23.5,17.1
225,2022-07,BG,14.9,23.9,19.8
226,2022-08,BG,15.0,24.1,25.5
227,2022-09,BG,15.6,25.2,29.3
228,2022-10,BG,14.8,26.4,22.5
229,2022-11,BG,14.3,26.7,17.6
230,2022-12,BG,14.3,26.0,17.8
231,2023-01,BG,14.3,25.2,16.7
232,2023-02,BG,13.7,24.2,15.9
233,2023-03,BG,12.1,21.5,14.3
234,2023-04,BG,10.3,16.8,12.2
235,2023-05,BG,8.6,14.9,10.1
236,2023-06,BG,7.5,13.8,9.0
237,2023-07,BG,7.8,13.6,5.8
238,2023-08,BG,7.5,12.5,0.1
239,2023-09,BG,6.4,10.8,-3.7
240,2023-10,BG,5.9,7.9,-1.1
241,2023-11,BG,5.5,6.0,2.5
242,2023-12,BG,5.0,5.9,1.7
243,2024-01,BG,3.9,5.1,2.3
244,2024-02,BG,3.5,3.4,3.3
245,2024-03,BG,3.1,2.3,3.1
246,2024-04,BG,2.5,2.1,2.9
247,2024-05,BG,2.7,1.5,3.0
248,2024-06,BG,2.8,1.6,3.5
249,2024-07,BG,2.8,1.8,2.4
250,2024-08,BG,2.4,2.7,2.6
251,2024-09,BG,1.5,2.5,2.5
252,2024-10,BG,2.0,3.1,3.6
253,2024-11,BG,2.0,4.3,2.2
254,2024-12,BG,2.1,2.9,2.4
255,2025-01,BG,3.8,4.6,4.9
256,2025-02,BG,3.9,4.6,5.6
257,2025-03,BG,4.0,5.5,6.4
258,2025-04,BG,2.8,6.0,6.4
259,2025-05,BG,2.9,6.8,6.4
260,2020-01,HR,1.8,2.8,2.9
261,2020-02,HR,1.2,2.4,1.1
262,2020-03,HR,0.5,2.6,-1.2
263,2020-04,HR,-0.1,3.6,-4.8
264,2020-05,HR,-0.7,2.7,-5.8
265,2020-06,HR,-0.4,2.3,-4.2
266,2020-07,HR,-0.6,1.2,-3.5
267,2020-08,HR,-0.4,1.6,-3.6
268,2020-09,HR,-0.3,1.3,-4.1
269,2020-10,HR,-0.2,1.3,-4.0
270,2020-11,HR,0.0,1.2,-4.0
271,2020-12,HR,-0.3,-0.6,-3.2
272,2021-01,HR,0.0,-0.6,-2.8
273,2021-02,HR,0.7,-0.3,-1.4
274,2021-03,HR,1.6,-0.5,1.4
275,2021-04,HR,2.1,-0.2,4.5
276,2021-05,HR,2.4,-0.4,5.4
277,2021-06,HR,2.2,0.0,4.3
278,2021-07,HR,2.7,1.8,4.5
279,2021-08,HR,3.1,2.5,4.5
280,2021-09,HR,3.5,3.0,5.8
281,2021-10,HR,3.9,3.7,7.0
282,2021-11,HR,4.7,5.6,7.5
283,2021-12,HR,5.2,8.1,5.9
284,2022-01,HR,5.5,9.4,5.6
285,2022-02,HR,6.3,10.1,6.3
286,2022-03,HR,7.3,10.8,7.7
287,2022-04,HR,9.6,12.7,14.3
288,2022-05,HR,10.7,14.9,15.0
289,2022-06,HR,12.1,16.7,15.0
290,2022-07,HR,12.7,17.9,15.1
291,2022-08,HR,12.6,18.8,14.4
292,2022-09,HR,12.6,18.5,15.3
293,2022-10,HR,12.7,19.4,16.4
294,2022-11,HR,13.0,19.1,16.8
295,2022-12,HR,12.7,18.8,15.3
296,2023-01,HR,12.5,17.2,14.7
297,2023-02,HR,11.7,16.9,13.5
298,2023-03,HR,10.5,17.3,10.5
299,2023-04,HR,8.9,15.6,3.7
300,2023-05,HR,8.3,15.2,2.0
301,2023-06,HR,8.3,14.8,1.4
302,2023-07,HR,8.0,12.9,1.0
303,2023-08,HR,8.4,11.1,2.9
304,2023-09,HR,7.4,10.6,2.1
305,2023-10,HR,6.7,8.9,-0.5
306,2023-11,HR,5.5,7.9,-1.7
307,2023-12,HR,5.4,6.6,0.0
308,2024-01,HR,4.8,6.5,0.0
309,2024-02,HR,4.8,5.6,0.5
310,2024-03,HR,4.9,4.5,0.9
311,2024-04,HR,4.7,4.3,0.2
312,2024-05,HR,4.3,2.9,0.4
313,2024-06,HR,3.5,1.8,0.4
314,2024-07,HR,3.3,1.8,0.0
315,2024-08,HR,3.0,2.3,-1.5
316,2024-09,HR,3.1,3.5,-2.6
317,2024-10,HR,3.6,5.1,-0.4
318,2024-11,HR,4.0,5.1,2.7
319,2024-12,HR,4.5,5.4,3.4
320,2025-01,HR,5.0,5.5,5.2
321,2025-02,HR,4.8,5.4,5.2
322,2025-03,HR,4.3,5.1,4.9
323,2025-04,HR,4.0,4.8,5.6
324,2025-05,HR,4.3,6.1,5.6
325,2020-01,CY,0.7,1.0,0.9
326,2020-02,CY,1.0,1.4,3.5
327,2020-03,CY,0.1,0.8,3.8
328,2020-04,CY,-1.2,-0.6,-0.4
329,2020-05,CY,-1.4,3.6,-2.5
330,2020-06,CY,-2.2,1.0,-5.5
331,2020-07,CY,-2.0,-0.7,-8.6
332,2020-08,CY,-2.9,0.8,-8.0
333,2020-09,CY,-1.9,2.0,-9.2
334,2020-10,CY,-1.4,2.9,-7.4
335,2020-11,CY,-1.1,3.1,-6.7
336,2020-12,CY,-0.8,0.3,-5.3
337,2021-01,CY,-0.8,-4.1,-5.3
338,2021-02,CY,-0.9,-3.3,-5.5
339,2021-03,CY,0.3,-1.4,-5.5
340,2021-04,CY,1.2,-0.9,3.0
341,2021-05,CY,1.5,-2.6,5.0
342,2021-06,CY,2.2,0.1,8.4
343,2021-07,CY,2.7,3.2,13.5
344,2021-08,CY,3.3,6.4,15.2
345,2021-09,CY,3.6,1.4,15.2
346,2021-10,CY,4.4,1.7,15.5
347,2021-11,CY,4.7,-1.0,17.5
348,2021-12,CY,4.8,1.1,15.8
349,2022-01,CY,5.0,4.8,14.1
350,2022-02,CY,5.8,8.8,13.4
351,2022-03,CY,6.2,10.0,17.2
352,2022-04,CY,8.6,12.0,20.9
353,2022-05,CY,8.8,10.6,21.9
354,2022-06,CY,9.0,8.2,23.0
355,2022-07,CY,10.6,8.7,30.7
356,2022-08,CY,9.6,5.0,30.0
357,2022-09,CY,9.0,9.1,28.7
358,2022-10,CY,8.6,12.6,22.2
359,2022-11,CY,8.1,15.1,17.6
360,2022-12,CY,7.6,12.6,17.2
361,2023-01,CY,6.8,10.9,18.0
362,2023-02,CY,6.7,9.5,18.8
363,2023-03,CY,6.1,6.9,15.5
364,2023-04,CY,3.9,6.9,4.8
365,2023-05,CY,3.6,8.9,4.7
366,2023-06,CY,2.8,10.6,-1.0
367,2023-07,CY,2.4,10.4,-2.3
368,2023-08,CY,3.1,10.4,-2.0
369,2023-09,CY,4.3,10.2,0.3
370,2023-10,CY,3.6,5.8,4.1
371,2023-11,CY,2.4,2.7,2.5
372,2023-12,CY,1.9,3.7,1.4
373,2024-01,CY,2.1,3.1,0.7
374,2024-02,CY,2.1,2.1,0.3
375,2024-03,CY,1.6,1.9,-2.2
376,2024-04,CY,2.1,1.4,3.5
377,2024-05,CY,3.0,1.4,2.8
378,2024-06,CY,3.0,2.7,6.4
379,2024-07,CY,2.4,3.4,0.4
380,2024-08,CY,2.2,3.2,0.4
381,2024-09,CY,1.6,3.2,-0.4
382,2024-10,CY,1.6,5.0,-3.2
383,2024-11,CY,2.2,4.2,-1.1
384,2024-12,CY,3.1,7.3,1.0
385,2025-01,CY,2.9,5.3,1.1
386,2025-02,CY,2.3,2.6,2.4
387,2025-03,CY,2.1,2.6,3.9
388,2025-04,CY,1.4,3.0,-2.8
389,2025-05,CY,0.4,2.4,-2.9
390,2020-01,CZ,3.8,6.3,5.2
391,2020-02,CZ,3.7,5.6,4.5
392,2020-03,CZ,3.6,6.4,4.2
393,2020-04,CZ,3.3,8.0,4.1
394,2020-05,CZ,3.1,6.5,3.7
395,2020-06,CZ,3.4,5.6,3.3
396,2020-07,CZ,3.6,4.6,3.2
397,2020-08,CZ,3.5,4.3,3.3
398,2020-09,CZ,3.3,3.5,3.1
399,2020-10,CZ,2.9,3.2,1.7
400,2020-11,CZ,2.8,2.0,1.3
401,2020-12,CZ,2.4,0.0,1.1
402,2021-01,CZ,2.2,0.7,-0.3
403,2021-02,CZ,2.1,0.6,-0.3
404,2021-03,CZ,2.3,-0.3,-0.6
405,2021-04,CZ,3.1,-0.1,-0.5
406,2021-05,CZ,2.7,-1.3,-0.3
407,2021-06,CZ,2.5,-1.0,-0.1
408,2021-07,CZ,2.7,0.8,0.1
409,2021-08,CZ,3.1,1.6,0.3
410,2021-09,CZ,4.0,1.9,0.8
411,2021-10,CZ,4.8,1.0,3.5
412,2021-11,CZ,4.8,2.1,-2.3
413,2021-12,CZ,5.4,4.2,-2.1
414,2022-01,CZ,8.8,5.4,12.8
415,2022-02,CZ,10.0,7.0,15.0
416,2022-03,CZ,11.9,7.8,17.2
417,2022-04,CZ,13.2,10.8,20.3
418,2022-05,CZ,15.2,15.4,21.7
419,2022-06,CZ,16.6,18.3,23.3
420,2022-07,CZ,17.3,19.7,24.6
421,2022-08,CZ,17.1,19.9,25.2
422,2022-09,CZ,17.8,21.4,29.9
423,2022-10,CZ,15.5,25.7,9.9
424,2022-11,CZ,17.2,26.6,21.9
425,2022-12,CZ,16.8,26.3,22.8
426,2023-01,CZ,19.1,25.6,36.9
427,2023-02,CZ,18.4,24.5,34.2
428,2023-03,CZ,16.5,24.2,31.3
429,2023-04,CZ,14.3,17.9,28.2
430,2023-05,CZ,12.5,14.9,27.0
431,2023-06,CZ,11.2,12.4,25.2
432,2023-07,CZ,10.2,9.8,23.6
433,2023-08,CZ,10.1,8.2,23.1
434,2023-09,CZ,8.3,6.2,16.6
435,2023-10,CZ,9.5,3.8,34.7
436,2023-11,CZ,8.0,1.4,29.3
437,2023-12,CZ,7.6,-0.4,28.7
438,2024-01,CZ,2.7,-4.0,5.1
439,2024-02,CZ,2.2,-4.9,5.2
440,2024-03,CZ,2.2,-6.0,5.2
441,2024-04,CZ,3.1,-2.8,4.8
442,2024-05,CZ,2.8,-3.8,4.6
443,2024-06,CZ,2.2,-4.3,4.5
444,2024-07,CZ,2.5,-3.1,4.4
445,2024-08,CZ,2.4,-1.7,4.2
446,2024-09,CZ,2.8,0.6,5.2
447,2024-10,CZ,3.0,0.1,6.4
448,2024-11,CZ,3.1,0.9,6.0
449,2024-12,CZ,3.3,1.7,5.2
450,2025-01,CZ,2.9,4.8,0.3
451,2025-02,CZ,2.8,4.5,0.2
452,2025-03,CZ,2.7,6.2,0.2
453,2025-04,CZ,1.7,4.2,0.2
454,2025-05,CZ,2.3,5.5,0.1
455,2020-01,DK,0.8,0.0,0.2
456,2020-02,DK,0.7,0.4,-0.7
457,2020-03,DK,0.3,1.2,-0.4
458,2020-04,DK,-0.1,1.5,-1.2
459,2020-05,DK,-0.2,1.2,-0.8
460,2020-06,DK,0.2,0.8,-0.5
461,2020-07,DK,0.4,0.7,0.3
462,2020-08,DK,0.4,0.7,0.3
463,2020-09,DK,0.5,0.1,0.3
464,2020-10,DK,0.3,0.6,0.0
465,2020-11,DK,0.4,0.5,-0.7
466,2020-12,DK,0.4,0.2,-0.5
467,2021-01,DK,0.4,0.3,-0.2
468,2021-02,DK,0.5,0.1,1.2
469,2021-03,DK,0.9,-1.0,1.4
470,2021-04,DK,1.5,0.2,2.0
471,2021-05,DK,1.9,0.0,2.3
472,2021-06,DK,1.9,-0.3,2.5
473,2021-07,DK,1.7,0.6,3.7
474,2021-08,DK,1.8,0.6,4.1
475,2021-09,DK,2.4,1.5,4.6
476,2021-10,DK,3.2,1.3,6.8
477,2021-11,DK,3.8,2.1,8.3
478,2021-12,DK,3.4,1.6,8.1
479,2022-01,DK,4.9,4.0,13.2
480,2022-02,DK,5.3,5.5,10.8
481,2022-03,DK,6.0,6.3,11.2
482,2022-04,DK,7.4,7.1,16.2
483,2022-05,DK,8.2,10.1,14.8
484,2022-06,DK,9.1,13.0,14.6
485,2022-07,DK,9.6,14.6,15.2
486,2022-08,DK,9.9,15.9,16.0
487,2022-09,DK,11.1,15.3,23.9
488,2022-10,DK,11.4,15.7,23.2
489,2022-11,DK,9.7,15.3,17.6
490,2022-12,DK,9.6,14.9,15.0
491,2023-01,DK,8.4,14.5,9.1
492,2023-02,DK,8.3,14.8,8.7
493,2023-03,DK,7.3,15.8,7.1
494,2023-04,DK,5.6,13.1,1.2
495,2023-05,DK,2.9,10.6,-4.9
496,2023-06,DK,2.4,8.8,-5.4
497,2023-07,DK,3.2,6.6,-3.8
498,2023-08,DK,2.3,5.0,-5.3
499,2023-09,DK,0.6,5.0,-11.4
500,2023-10,DK,-0.4,3.7,-12.5
501,2023-11,DK,0.3,3.2,-8.8
502,2023-12,DK,0.4,2.2,-6.8
503,2024-01,DK,0.9,2.2,-3.5
504,2024-02,DK,0.6,-0.6,-2.2
505,2024-03,DK,0.8,-0.8,-1.3
506,2024-04,DK,0.5,0.9,-2.0
507,2024-05,DK,2.1,0.7,5.3
508,2024-06,DK,1.8,0.6,5.9
509,2024-07,DK,1.0,0.8,2.5
510,2024-08,DK,1.4,1.8,4.4
511,2024-09,DK,1.2,2.7,3.1
512,2024-10,DK,1.6,3.9,4.3
513,2024-11,DK,1.6,3.9,4.8
514,2024-12,DK,1.8,4.7,4.2
515,2025-01,DK,1.4,4.4,2.0
516,2025-02,DK,2.0,5.7,3.3
517,2025-03,DK,1.4,5.0,2.1
518,2025-04,DK,1.5,3.7,2.3
519,2025-05,DK,1.5,5.2,2.2
520,2020-01,EE,1.6,2.6,-4.2
521,2020-02,EE,2.0,3.7,-2.8
522,2020-03,EE,1.0,2.0,-2.8
523,2020-04,EE,-0.9,2.8,-4.8
524,2020-05,EE,-1.8,2.2,-6.2
525,2020-06,EE,-1.6,2.5,-3.5
526,2020-07,EE,-1.3,2.2,-5.7
527,2020-08,EE,-1.3,2.0,-4.5
528,2020-09,EE,-1.3,1.4,-3.7
529,2020-10,EE,-1.7,1.9,-3.5
530,2020-11,EE,-1.2,0.8,-2.8
531,2020-12,EE,-0.9,-0.1,0.3
532,2021-01,EE,0.3,0.1,2.5
533,2021-02,EE,0.5,-0.7,3.8
534,2021-03,EE,0.9,0.5,1.7
535,2021-04,EE,1.6,0.3,3.5
536,2021-05,EE,3.2,0.6,6.3
537,2021-06,EE,3.7,0.1,8.5
538,2021-07,EE,4.9,0.9,14.4
539,2021-08,EE,5.0,1.8,12.7
540,2021-09,EE,6.4,2.8,21.2
541,2021-10,EE,6.8,2.5,16.0
542,2021-11,EE,8.6,5.0,21.4
543,2021-12,EE,12.0,5.8,44.8
544,2022-01,EE,11.0,8.9,32.5
545,2022-02,EE,11.6,12.1,27.2
546,2022-03,EE,14.8,13.5,35.7
547,2022-04,EE,19.1,14.5,63.2
548,2022-05,EE,20.1,16.9,65.8
549,2022-06,EE,22.0,19.1,66.0
550,2022-07,EE,23.2,19.9,70.7
551,2022-08,EE,25.2,21.8,84.7
552,2022-09,EE,24.1,24.5,67.0
553,2022-10,EE,22.5,27.9,52.7
554,2022-11,EE,21.4,28.1,47.2
555,2022-12,EE,17.5,29.6,21.3
556,2023-01,EE,18.6,27.4,31.5
557,2023-02,EE,17.8,25.1,33.2
558,2023-03,EE,15.6,24.4,28.6
559,2023-04,EE,13.2,23.0,14.9
560,2023-05,EE,11.2,20.1,11.4
561,2023-06,EE,9.0,19.2,6.2
562,2023-07,EE,6.2,16.1,-2.4
563,2023-08,EE,4.3,12.7,-10.1
564,2023-09,EE,3.9,9.6,-8.1
565,2023-10,EE,5.0,6.6,5.5
566,2023-11,EE,4.1,5.6,3.4
567,2023-12,EE,4.3,4.0,4.9
568,2024-01,EE,5.0,5.0,6.1
569,2024-02,EE,4.4,3.0,3.6
570,2024-03,EE,4.1,1.3,3.1
571,2024-04,EE,3.1,1.4,-5.7
572,2024-05,EE,3.1,2.3,-4.7
573,2024-06,EE,2.8,1.0,-3.7
574,2024-07,EE,3.5,1.7,0.6
575,2024-08,EE,3.4,3.0,0.5
576,2024-09,EE,3.2,4.6,-0.4
577,2024-10,EE,4.5,5.9,0.1
578,2024-11,EE,3.8,5.4,0.2
579,2024-12,EE,4.1,5.4,-0.3
580,2025-01,EE,3.8,4.2,-1.2
581,2025-02,EE,5.1,5.1,8.1
582,2025-03,EE,4.3,6.7,4.1
583,2025-04,EE,4.4,7.4,3.3
584,2025-05,EE,4.6,7.2,2.3
585,2020-01,FI,1.2,1.8,2.2
586,2020-02,FI,1.1,1.3,1.6
587,2020-03,FI,0.9,1.8,0.9
588,2020-04,FI,-0.3,1.0,0.7
589,2020-05,FI,-0.1,2.4,0.4
590,2020-06,FI,0.1,2.4,0.6
591,2020-07,FI,0.7,2.9,0.6
592,2020-08,FI,0.3,0.9,0.3
593,2020-09,FI,0.3,2.0,-0.1
594,2020-10,FI,0.2,1.7,0.0
595,2020-11,FI,0.2,1.5,-0.3
596,2020-12,FI,0.2,0.2,-0.4
597,2021-01,FI,1.0,0.4,0.2
598,2021-02,FI,0.9,-0.1,0.6
599,2021-03,FI,1.4,0.4,1.1
600,2021-04,FI,2.2,0.9,1.2
601,2021-05,FI,2.3,0.5,1.6
602,2021-06,FI,1.9,-0.4,1.5
603,2021-07,FI,1.8,0.0,1.6
604,2021-08,FI,1.8,0.5,2.3
605,2021-09,FI,2.1,0.6,2.5
606,2021-10,FI,2.8,1.0,4.0
607,2021-11,FI,3.5,1.5,4.1
608,2021-12,FI,3.2,1.7,3.7
609,2022-01,FI,4.1,3.2,7.5
610,2022-02,FI,4.4,4.5,7.6
611,2022-03,FI,5.8,5.1,9.3
612,2022-04,FI,5.8,6.0,8.5
613,2022-05,FI,7.1,9.1,8.8
614,2022-06,FI,8.1,10.9,9.3
615,2022-07,FI,8.0,12.4,10.3
616,2022-08,FI,7.9,12.5,10.6
617,2022-09,FI,8.4,14.5,11.6
618,2022-10,FI,8.4,15.7,10.8
619,2022-11,FI,9.1,16.1,15.2
620,2022-12,FI,8.8,16.0,14.4
621,2023-01,FI,7.9,15.4,11.8
622,2023-02,FI,8.0,16.3,10.4
623,2023-03,FI,6.7,16.2,7.3
624,2023-04,FI,6.3,13.7,7.6
625,2023-05,FI,5.0,11.1,6.5
626,2023-06,FI,4.1,9.2,5.5
627,2023-07,FI,4.2,8.2,4.6
628,2023-08,FI,3.1,6.8,0.3
629,2023-09,FI,3.0,4.6,0.6
630,2023-10,FI,2.4,4.0,-1.5
631,2023-11,FI,0.7,3.0,-5.3
632,2023-12,FI,1.3,2.3,-3.5
633,2024-01,FI,1.1,1.6,-3.2
634,2024-02,FI,1.1,-0.5,-1.4
635,2024-03,FI,0.6,-1.7,-2.1
636,2024-04,FI,0.6,-0.3,-1.4
637,2024-05,FI,0.4,-0.6,-1.4
638,2024-06,FI,0.5,-0.4,-1.1
639,2024-07,FI,0.5,-0.3,-1.2
640,2024-08,FI,1.1,-0.1,1.4
641,2024-09,FI,1.0,0.5,0.0
642,2024-10,FI,1.5,0.2,3.0
643,2024-11,FI,1.7,0.9,2.0
644,2024-12,FI,1.6,0.5,1.4
645,2025-01,FI,1.7,0.9,-0.3
646,2025-02,FI,1.5,1.6,-0.9
647,2025-03,FI,1.8,2.6,0.8
648,2025-04,FI,1.9,2.3,0.3
649,2025-05,FI,2.0,2.7,0.6
650,2020-01,FR,1.7,1.9,1.7
651,2020-02,FR,1.6,1.8,1.1
652,2020-03,FR,0.8,2.0,0.4
653,2020-04,FR,0.4,4.1,-0.1
654,2020-05,FR,0.4,3.9,-0.6
655,2020-06,FR,0.2,2.8,-1.3
656,2020-07,FR,0.9,1.1,-0.8
657,2020-08,FR,0.2,0.8,-0.7
658,2020-09,FR,0.0,0.9,-0.7
659,2020-10,FR,0.1,1.6,-0.6
660,2020-11,FR,0.2,2.2,-0.5
661,2020-12,FR,0.0,1.1,-0.4
662,2021-01,FR,0.8,1.0,-0.1
663,2021-02,FR,0.8,0.9,0.9
664,2021-03,FR,1.4,1.0,2.0
665,2021-04,FR,1.6,-0.5,2.4
666,2021-05,FR,1.8,-0.5,3.0
667,2021-06,FR,1.9,-0.3,3.2
668,2021-07,FR,1.5,0.9,4.1
669,2021-08,FR,2.4,1.4,4.2
670,2021-09,FR,2.7,1.1,4.9
671,2021-10,FR,3.2,0.7,6.4
672,2021-11,FR,3.4,0.4,7.0
673,2021-12,FR,3.4,1.4,6.8
674,2022-01,FR,3.3,1.7,7.1
675,2022-02,FR,4.2,2.3,7.4
676,2022-03,FR,5.1,3.2,9.0
677,2022-04,FR,5.4,4.2,9.8
678,2022-05,FR,5.8,4.6,10.2
679,2022-06,FR,6.5,6.3,10.6
680,2022-07,FR,6.8,7.2,10.1
681,2022-08,FR,6.6,8.4,9.3
682,2022-09,FR,6.2,10.6,9.7
683,2022-10,FR,7.1,12.9,10.4
684,2022-11,FR,7.1,13.0,9.9
685,2022-12,FR,6.7,12.9,8.2
686,2023-01,FR,7.0,14.1,8.0
687,2023-02,FR,7.3,15.8,8.7
688,2023-03,FR,6.7,16.9,7.0
689,2023-04,FR,6.9,15.7,6.1
690,2023-05,FR,6.0,14.9,5.3
691,2023-06,FR,5.3,14.3,4.5
692,2023-07,FR,5.1,13.2,3.0
693,2023-08,FR,5.7,11.6,5.7
694,2023-09,FR,5.7,9.9,5.3
695,2023-10,FR,4.5,8.0,3.4
696,2023-11,FR,3.9,7.9,3.3
697,2023-12,FR,4.1,7.4,4.8
698,2024-01,FR,3.4,5.8,4.9
699,2024-02,FR,3.2,3.5,4.9
700,2024-03,FR,2.4,1.6,4.2
701,2024-04,FR,2.4,1.2,4.2
702,2024-05,FR,2.6,1.3,4.7
703,2024-06,FR,2.5,0.8,4.8
704,2024-07,FR,2.7,0.5,6.7
705,2024-08,FR,2.2,0.5,4.3
706,2024-09,FR,1.4,0.5,3.7
707,2024-10,FR,1.6,0.7,3.8
708,2024-11,FR,1.7,0.2,3.7
709,2024-12,FR,1.8,0.0,3.9
710,2025-01,FR,1.8,0.1,3.8
711,2025-02,FR,0.9,0.3,-0.2
712,2025-03,FR,0.9,0.6,0.1
713,2025-04,FR,0.9,1.3,0.4
714,2025-05,FR,0.6,1.4,-0.1
715,2020-01,DE,1.6,2.5,1.9
716,2020-02,DE,1.7,3.3,1.6
717,2020-03,DE,1.3,3.6,1.3
718,2020-04,DE,0.8,4.6,1.1
719,2020-05,DE,0.5,4.3,0.7
720,2020-06,DE,0.8,4.1,0.8
721,2020-07,DE,0.0,0.9,-0.1
722,2020-08,DE,-0.1,0.6,-0.2
723,2020-09,DE,-0.4,0.5,-0.5
724,2020-10,DE,-0.5,1.3,-0.6
725,2020-11,DE,-0.7,1.2,-0.6
726,2020-12,DE,-0.7,0.4,-0.4
727,2021-01,DE,1.6,1.9,0.4
728,2021-02,DE,1.6,1.4,0.8
729,2021-03,DE,2.0,1.5,1.2
730,2021-04,DE,2.1,1.8,1.3
731,2021-05,DE,2.4,1.3,1.7
732,2021-06,DE,2.1,1.2,1.9
733,2021-07,DE,3.1,4.3,2.9
734,2021-08,DE,3.4,4.4,3.1
735,2021-09,DE,4.1,4.8,3.5
736,2021-10,DE,4.6,4.3,4.7
737,2021-11,DE,6.0,4.5,5.2
738,2021-12,DE,5.7,5.8,5.0
739,2022-01,DE,5.1,4.7,7.1
740,2022-02,DE,5.5,5.0,8.0
741,2022-03,DE,7.6,5.9,11.7
742,2022-04,DE,7.8,7.9,11.6
743,2022-05,DE,8.7,10.4,12.8
744,2022-06,DE,8.2,11.8,13.9
745,2022-07,DE,8.5,13.7,15.0
746,2022-08,DE,8.8,15.5,16.2
747,2022-09,DE,10.9,17.4,17.9
748,2022-10,DE,11.6,18.9,19.5
749,2022-11,DE,11.3,19.7,19.4
750,2022-12,DE,9.6,19.5,12.9
751,2023-01,DE,9.2,19.6,14.0
752,2023-02,DE,9.3,21.2,12.9
753,2023-03,DE,7.8,21.8,9.1
754,2023-04,DE,7.6,17.4,9.3
755,2023-05,DE,6.3,15.0,7.8
756,2023-06,DE,6.8,13.8,6.4
757,2023-07,DE,6.5,11.3,5.2
758,2023-08,DE,6.4,9.3,4.3
759,2023-09,DE,4.3,8.0,2.4
760,2023-10,DE,3.0,6.7,-0.4
761,2023-11,DE,2.3,6.1,-1.2
762,2023-12,DE,3.8,5.4,4.0
763,2024-01,DE,3.1,4.7,0.5
764,2024-02,DE,2.7,2.1,0.5
765,2024-03,DE,2.3,0.6,0.1
766,2024-04,DE,2.4,1.6,0.6
767,2024-05,DE,2.8,1.6,0.6
768,2024-06,DE,2.5,1.9,0.7
769,2024-07,DE,2.6,2.2,0.8
770,2024-08,DE,2.0,2.4,0.5
771,2024-09,DE,1.8,2.4,0.5
772,2024-10,DE,2.4,3.1,0.8
773,2024-11,DE,2.4,2.6,1.3
774,2024-12,DE,2.8,2.8,1.8
775,2025-01,DE,2.8,1.5,1.0
776,2025-02,DE,2.6,2.9,1.1
777,2025-03,DE,2.3,3.6,1.3
778,2025-04,DE,2.2,3.3,0.7
779,2025-05,DE,2.1,3.3,0.8
780,2020-01,GR,1.1,0.2,0.5
781,2020-02,GR,0.4,0.1,-1.0
782,2020-03,GR,0.2,0.1,-3.0
783,2020-04,GR,-0.9,1.1,-5.0
784,2020-05,GR,-0.7,2.0,-4.9
785,2020-06,GR,-1.9,3.9,-5.2
786,2020-07,GR,-2.1,2.1,-5.2
787,2020-08,GR,-2.3,2.2,-5.3
788,2020-09,GR,-2.3,2.7,-6.3
789,2020-10,GR,-2.0,2.0,-4.7
790,2020-11,GR,-2.1,1.9,-4.6
791,2020-12,GR,-2.4,0.8,-4.3
792,2021-01,GR,-2.4,-0.6,-3.6
793,2021-02,GR,-1.9,-0.6,-2.1
794,2021-03,GR,-2.0,-0.2,0.1
795,2021-04,GR,-1.1,-1.0,2.2
796,2021-05,GR,-1.2,-0.5,3.5
797,2021-06,GR,0.6,1.0,4.0
798,2021-07,GR,0.7,2.1,4.1
799,2021-08,GR,1.2,3.3,4.3
800,2021-09,GR,1.9,3.5,4.4
801,2021-10,GR,2.8,2.9,11.9
802,2021-11,GR,4.0,3.6,18.1
803,2021-12,GR,4.4,4.3,18.8
804,2022-01,GR,5.5,5.3,23.7
805,2022-02,GR,6.3,7.2,26.3
806,2022-03,GR,8.0,8.2,30.6
807,2022-04,GR,9.1,10.9,36.1
808,2022-05,GR,10.5,12.3,36.1
809,2022-06,GR,11.6,12.5,32.5
810,2022-07,GR,11.3,12.6,32.2
811,2022-08,GR,11.2,13.0,33.4
812,2022-09,GR,12.1,12.8,38.1
813,2022-10,GR,9.5,14.8,11.6
814,2022-11,GR,8.8,14.9,5.1
815,2022-12,GR,7.6,15.4,2.5
816,2023-01,GR,7.3,15.2,-0.3
817,2023-02,GR,6.5,14.5,-4.9
818,2023-03,GR,5.4,14.0,-10.4
819,2023-04,GR,4.5,11.1,-13.7
820,2023-05,GR,4.1,11.4,-13.3
821,2023-06,GR,2.8,12.5,-12.1
822,2023-07,GR,3.5,12.9,-12.4
823,2023-08,GR,3.5,10.8,-13.5
824,2023-09,GR,2.4,9.7,-16.2
825,2023-10,GR,3.8,10.4,-2.3
826,2023-11,GR,2.9,8.9,-1.5
827,2023-12,GR,3.7,8.9,-0.9
828,2024-01,GR,3.2,8.3,-3.1
829,2024-02,GR,3.1,6.7,-0.7
830,2024-03,GR,3.4,5.5,0.2
831,2024-04,GR,3.2,5.4,-0.8
832,2024-05,GR,2.4,2.6,-2.1
833,2024-06,GR,2.5,1.3,-0.8
834,2024-07,GR,3.0,1.5,2.4
835,2024-08,GR,3.2,2.3,6.0
836,2024-09,GR,3.1,3.3,6.6
837,2024-10,GR,3.1,1.0,4.0
838,2024-11,GR,3.0,0.4,2.8
839,2024-12,GR,2.9,-0.5,4.5
840,2025-01,GR,3.1,-0.1,5.4
841,2025-02,GR,3.0,0.2,6.0
842,2025-03,GR,3.1,2.3,7.3
843,2025-04,GR,2.6,2.1,5.3
844,2025-05,GR,3.3,3.1,8.0
845,2020-01,HU,4.7,6.9,2.1
846,2020-02,HU,4.4,7.0,2.0
847,2020-03,HU,3.9,7.6,1.9
848,2020-04,HU,2.5,8.9,1.7
849,2020-05,HU,2.2,8.6,1.6
850,2020-06,HU,2.9,8.0,1.6
851,2020-07,HU,3.9,7.8,1.4
852,2020-08,HU,4.0,7.9,1.3
853,2020-09,HU,3.4,7.3,1.1
854,2020-10,HU,3.0,6.4,1.1
855,2020-11,HU,2.8,5.9,1.0
856,2020-12,HU,2.8,4.4,1.0
857,2021-01,HU,2.9,3.4,1.0
858,2021-02,HU,3.3,2.8,0.9
859,2021-03,HU,3.9,2.1,0.9
860,2021-04,HU,5.2,1.7,1.1
861,2021-05,HU,5.3,1.7,1.4
862,2021-06,HU,5.3,2.4,1.6
863,2021-07,HU,4.7,2.3,2.2
864,2021-08,HU,4.9,2.9,2.3
865,2021-09,HU,5.5,3.7,2.8
866,2021-10,HU,6.6,4.6,2.9
867,2021-11,HU,7.5,5.4,3.3
868,2021-12,HU,7.4,7.7,3.5
869,2022-01,HU,7.9,10.1,3.9
870,2022-02,HU,8.4,11.4,4.4
871,2022-03,HU,8.6,13.4,4.8
872,2022-04,HU,9.6,16.1,5.5
873,2022-05,HU,10.8,19.4,6.0
874,2022-06,HU,12.6,23.0,6.4
875,2022-07,HU,14.7,28.7,6.5
876,2022-08,HU,18.6,33.1,29.8
877,2022-09,HU,20.7,37.6,36.1
878,2022-10,HU,21.9,43.0,38.1
879,2022-11,HU,23.1,47.2,38.4
880,2022-12,HU,25.0,47.9,33.6
881,2023-01,HU,26.2,46.9,32.1
882,2023-02,HU,25.8,45.9,30.3
883,2023-03,HU,25.6,44.8,27.6
884,2023-04,HU,24.4,39.1,26.2
885,2023-05,HU,21.9,34.1,23.9
886,2023-06,HU,19.9,29.4,22.0
887,2023-07,HU,17.5,22.1,22.3
888,2023-08,HU,14.2,18.0,0.2
889,2023-09,HU,12.2,13.3,-4.1
890,2023-10,HU,9.6,8.0,-5.9
891,2023-11,HU,7.7,4.7,-6.7
892,2023-12,HU,5.5,2.4,-4.0
893,2024-01,HU,3.7,1.0,-2.5
894,2024-02,HU,3.6,-0.6,-1.2
895,2024-03,HU,3.6,-2.1,1.9
896,2024-04,HU,3.6,-1.6,1.2
897,2024-05,HU,3.9,-1.4,2.1
898,2024-06,HU,3.6,-1.3,2.2
899,2024-07,HU,4.1,0.8,1.0
900,2024-08,HU,3.4,0.6,1.0
901,2024-09,HU,3.0,2.3,0.9
902,2024-10,HU,3.4,3.5,1.1
903,2024-11,HU,3.9,4.0,1.8
904,2024-12,HU,4.8,4.7,3.4
905,2025-01,HU,5.7,5.5,3.7
906,2025-02,HU,5.7,6.8,3.6
907,2025-03,HU,4.8,6.5,2.3
908,2025-04,HU,4.2,3.9,3.6
909,2025-05,HU,4.5,4.5,3.9
910,2020-01,IE,1.1,-1.1,3.6
911,2020-02,IE,0.9,-1.0,2.8
912,2020-03,IE,0.5,-1.6,1.2
913,2020-04,IE,-0.3,-1.3,-2.3
914,2020-05,IE,-0.8,-1.3,-4.1
915,2020-06,IE,-0.6,-1.5,-3.7
916,2020-07,IE,-0.6,-1.3,-3.4
917,2020-08,IE,-1.1,-1.7,-3.6
918,2020-09,IE,-1.2,-1.4,-4.4
919,2020-10,IE,-1.5,-1.5,-3.9
920,2020-11,IE,-1.0,-1.4,-3.7
921,2020-12,IE,-1.0,-1.5,-3.2
922,2021-01,IE,-0.1,-2.1,-2.7
923,2021-02,IE,-0.4,-1.9,-1.7
924,2021-03,IE,0.1,-0.9,0.1
925,2021-04,IE,1.1,-0.8,4.0
926,2021-05,IE,1.9,-1.1,6.3
927,2021-06,IE,1.6,-0.3,5.6
928,2021-07,IE,2.2,0.0,6.0
929,2021-08,IE,3.0,0.1,8.6
930,2021-09,IE,3.8,0.4,10.8
931,2021-10,IE,5.1,0.9,12.7
932,2021-11,IE,5.4,1.0,14.3
933,2021-12,IE,5.7,1.4,14.1
934,2022-01,IE,5.0,2.2,14.1
935,2022-02,IE,5.7,3.1,15.0
936,2022-03,IE,6.9,3.0,20.9
937,2022-04,IE,7.3,3.5,20.5
938,2022-05,IE,8.3,4.4,25.4
939,2022-06,IE,9.6,6.7,27.4
940,2022-07,IE,9.6,7.7,26.3
941,2022-08,IE,9.0,8.7,24.4
942,2022-09,IE,8.6,9.8,23.5
943,2022-10,IE,9.4,10.5,31.8
944,2022-11,IE,9.0,11.2,29.6
945,2022-12,IE,8.2,11.9,27.8
946,2023-01,IE,7.5,12.8,27.2
947,2023-02,IE,8.1,13.0,25.7
948,2023-03,IE,7.0,13.2,18.5
949,2023-04,IE,6.3,13.0,17.1
950,2023-05,IE,5.4,12.6,11.1
951,2023-06,IE,4.8,10.2,10.1
952,2023-07,IE,4.6,8.8,10.3
953,2023-08,IE,4.9,8.2,11.0
954,2023-09,IE,5.0,7.9,10.8
955,2023-10,IE,3.6,7.1,0.5
956,2023-11,IE,2.5,6.7,-2.6
957,2023-12,IE,3.2,5.6,-1.6
958,2024-01,IE,2.7,4.6,-1.9
959,2024-02,IE,2.3,4.1,-1.9
960,2024-03,IE,1.7,2.9,-4.2
961,2024-04,IE,1.6,2.9,-4.0
962,2024-05,IE,2.0,2.6,-3.2
963,2024-06,IE,1.5,2.4,-3.4
964,2024-07,IE,1.5,2.1,-3.5
965,2024-08,IE,1.1,2.0,-4.9
966,2024-09,IE,0.0,1.8,-5.7
967,2024-10,IE,0.1,2.1,-4.2
968,2024-11,IE,0.5,1.9,-1.2
969,2024-12,IE,1.0,2.0,-0.7
970,2025-01,IE,1.7,2.6,-0.2
971,2025-02,IE,1.4,2.4,-0.1
972,2025-03,IE,1.8,3.3,2.1
973,2025-04,IE,2.0,3.2,2.5
974,2025-05,IE,1.4,4.0,2.5
975,2020-01,IT,0.4,0.8,-2.6
976,2020-02,IT,0.2,0.5,-2.9
977,2020-03,IT,0.1,1.3,-2.9
978,2020-04,IT,0.1,3.0,-4.2
979,2020-05,IT,-0.3,2.7,-4.5
980,2020-06,IT,-0.4,2.5,-4.4
981,2020-07,IT,0.8,1.3,-4.0
982,2020-08,IT,-0.5,1.0,-4.0
983,2020-09,IT,-1.0,1.3,-3.9
984,2020-10,IT,-0.6,1.4,-2.2
985,2020-11,IT,-0.3,1.4,-2.0
986,2020-12,IT,-0.3,0.9,-2.0
987,2021-01,IT,0.7,0.6,-0.5
988,2021-02,IT,1.0,0.2,-0.3
989,2021-03,IT,0.6,0.0,-0.1
990,2021-04,IT,1.0,-0.6,5.0
991,2021-05,IT,1.2,-0.8,5.9
992,2021-06,IT,1.3,-0.6,5.9
993,2021-07,IT,1.0,0.2,9.2
994,2021-08,IT,2.5,0.9,9.6
995,2021-09,IT,2.9,1.1,9.7
996,2021-10,IT,3.2,1.1,11.4
997,2021-11,IT,3.9,1.4,14.1
998,2021-12,IT,4.2,2.9,14.4
999,2022-01,IT,5.1,3.8,22.8
1000,2022-02,IT,6.2,5.0,27.3
1001,2022-03,IT,6.8,5.9,28.3
1002,2022-04,IT,6.3,6.5,24.6
1003,2022-05,IT,7.3,7.6,26.5
1004,2022-06,IT,8.5,9.2,28.0
1005,2022-07,IT,8.4,10.0,24.7
1006,2022-08,IT,9.1,10.7,31.6
1007,2022-09,IT,9.4,11.8,32.2
1008,2022-10,IT,12.6,13.6,57.2
1009,2022-11,IT,12.6,13.8,56.5
1010,2022-12,IT,12.3,13.2,54.4
1011,2023-01,IT,10.7,12.6,34.8
1012,2023-02,IT,9.8,13.4,24.5
1013,2023-03,IT,8.1,13.2,15.0
1014,2023-04,IT,8.6,12.3,16.6
1015,2023-05,IT,8.0,11.9,15.2
1016,2023-06,IT,6.7,11.0,10.2
1017,2023-07,IT,6.3,10.9,9.0
1018,2023-08,IT,5.5,10.1,2.1
1019,2023-09,IT,5.6,8.9,1.8
1020,2023-10,IT,1.8,6.7,-17.6
1021,2023-11,IT,0.6,6.1,-19.9
1022,2023-12,IT,0.5,6.0,-19.4
1023,2024-01,IT,0.9,5.9,-13.8
1024,2024-02,IT,0.8,3.9,-11.7
1025,2024-03,IT,1.2,3.0,-6.8
1026,2024-04,IT,0.9,2.7,-9.0
1027,2024-05,IT,0.8,2.1,-9.5
1028,2024-06,IT,0.9,1.6,-6.2
1029,2024-07,IT,1.6,1.0,-2.2
1030,2024-08,IT,1.2,0.9,-1.4
1031,2024-09,IT,0.7,1.3,-1.2
1032,2024-10,IT,1.0,2.6,-1.5
1033,2024-11,IT,1.5,2.9,-0.6
1034,2024-12,IT,1.4,2.2,0.1
1035,2025-01,IT,1.7,2.2,0.7
1036,2025-02,IT,1.7,2.5,3.1
1037,2025-03,IT,2.1,2.6,6.0
1038,2025-04,IT,2.0,3.3,4.6
1039,2025-05,IT,1.7,3.3,3.9
1040,2020-01,LV,2.2,3.5,-0.2
1041,2020-02,LV,2.3,4.5,0.2
1042,2020-03,LV,1.4,3.6,-0.1
1043,2020-04,LV,-0.1,3.4,-1.5
1044,2020-05,LV,-0.9,2.7,-1.5
1045,2020-06,LV,-1.1,1.1,-2.3
1046,2020-07,LV,0.1,2.7,-1.9
1047,2020-08,LV,-0.5,2.0,-4.2
1048,2020-09,LV,-0.4,2.2,-4.3
1049,2020-10,LV,-0.7,1.2,-4.8
1050,2020-11,LV,-0.7,1.7,-4.5
1051,2020-12,LV,-0.5,1.1,-3.6
1052,2021-01,LV,-0.5,-0.1,-2.6
1053,2021-02,LV,-0.2,-0.4,-2.7
1054,2021-03,LV,0.3,-0.5,-2.5
1055,2021-04,LV,1.7,0.5,-0.7
1056,2021-05,LV,2.6,0.9,0.1
1057,2021-06,LV,2.7,2.0,0.8
1058,2021-07,LV,2.8,1.3,4.1
1059,2021-08,LV,3.6,2.1,6.7
1060,2021-09,LV,4.7,3.7,10.0
1061,2021-10,LV,6.0,4.5,11.7
1062,2021-11,LV,7.4,5.6,14.8
1063,2021-12,LV,7.9,7.3,15.8
1064,2022-01,LV,7.5,8.8,10.1
1065,2022-02,LV,8.8,11.8,11.2
1066,2022-03,LV,11.5,14.8,14.4
1067,2022-04,LV,13.1,17.4,16.2
1068,2022-05,LV,16.8,18.1,34.2
1069,2022-06,LV,19.2,22.1,39.7
1070,2022-07,LV,21.3,24.4,50.5
1071,2022-08,LV,21.4,25.9,52.1
1072,2022-09,LV,22.0,27.6,51.5
1073,2022-10,LV,21.7,29.6,46.9
1074,2022-11,LV,21.7,29.6,44.4
1075,2022-12,LV,20.7,29.0,42.8
1076,2023-01,LV,21.4,28.2,47.9
1077,2023-02,LV,20.1,25.4,46.3
1078,2023-03,LV,17.2,24.1,40.0
1079,2023-04,LV,15.0,20.4,35.6
1080,2023-05,LV,12.3,18.0,24.7
1081,2023-06,LV,8.1,14.5,13.1
1082,2023-07,LV,6.6,11.2,5.9
1083,2023-08,LV,5.6,8.2,1.7
1084,2023-09,LV,3.6,5.8,-6.4
1085,2023-10,LV,2.3,4.4,-6.6
1086,2023-11,LV,1.1,3.8,-9.1
1087,2023-12,LV,0.9,2.8,-10.3
1088,2024-01,LV,1.1,3.0,-7.4
1089,2024-02,LV,0.6,1.5,-8.0
1090,2024-03,LV,1.0,0.7,-6.8
1091,2024-04,LV,1.1,0.6,-6.1
1092,2024-05,LV,0.0,0.8,-13.0
1093,2024-06,LV,1.5,1.5,-8.4
1094,2024-07,LV,0.8,2.5,-11.3
1095,2024-08,LV,0.9,3.6,-9.9
1096,2024-09,LV,1.6,4.6,-4.8
1097,2024-10,LV,2.1,5.5,-3.3
1098,2024-11,LV,2.3,4.3,-1.7
1099,2024-12,LV,3.4,5.5,-1.2
1100,2025-01,LV,3.1,4.6,-0.4
1101,2025-02,LV,3.7,5.8,1.5
1102,2025-03,LV,3.5,6.5,1.2
1103,2025-04,LV,4.0,7.4,1.3
1104,2025-05,LV,3.7,7.6,3.2
1105,2020-01,LT,3.0,4.8,-2.9
1106,2020-02,LT,2.8,4.5,-3.2
1107,2020-03,LT,1.7,3.9,-4.7
1108,2020-04,LT,0.9,3.8,-4.5
1109,2020-05,LT,0.2,3.1,-5.2
1110,2020-06,LT,0.9,3.1,-4.1
1111,2020-07,LT,0.9,0.9,-6.2
1112,2020-08,LT,1.2,1.3,-4.0
1113,2020-09,LT,0.6,1.9,-4.3
1114,2020-10,LT,0.5,1.0,-3.1
1115,2020-11,LT,0.4,0.4,-2.8
1116,2020-12,LT,-0.1,-0.2,-3.2
1117,2021-01,LT,0.2,-0.4,-4.1
1118,2021-02,LT,0.4,-0.8,-4.1
1119,2021-03,LT,1.6,-0.2,-1.4
1120,2021-04,LT,2.4,0.0,1.6
1121,2021-05,LT,3.5,1.1,2.3
1122,2021-06,LT,3.5,1.0,3.6
1123,2021-07,LT,4.3,2.4,11.2
1124,2021-08,LT,5.0,3.1,13.3
1125,2021-09,LT,6.4,5.1,16.4
1126,2021-10,LT,8.2,7.0,18.0
1127,2021-11,LT,9.3,8.5,19.5
1128,2021-12,LT,10.7,11.5,26.2
1129,2022-01,LT,12.3,12.4,33.8
1130,2022-02,LT,14.0,15.4,38.9
1131,2022-03,LT,15.6,17.5,38.4
1132,2022-04,LT,16.6,21.8,38.2
1133,2022-05,LT,18.5,24.3,44.4
1134,2022-06,LT,20.5,28.2,47.7
1135,2022-07,LT,20.9,29.4,50.8
1136,2022-08,LT,21.1,29.8,56.8
1137,2022-09,LT,22.5,29.5,67.7
1138,2022-10,LT,22.1,32.6,59.5
1139,2022-11,LT,21.4,34.4,51.4
1140,2022-12,LT,20.0,33.3,42.8
1141,2023-01,LT,18.5,32.0,35.4
1142,2023-02,LT,17.2,29.3,32.7
1143,2023-03,LT,15.2,27.2,29.7
1144,2023-04,LT,13.3,21.2,23.6
1145,2023-05,LT,10.7,18.1,18.7
1146,2023-06,LT,8.2,14.4,14.4
1147,2023-07,LT,7.2,13.0,4.2
1148,2023-08,LT,6.4,11.5,-3.2
1149,2023-09,LT,4.1,8.7,-12.2
1150,2023-10,LT,3.1,5.8,-10.3
1151,2023-11,LT,2.3,3.2,-8.0
1152,2023-12,LT,1.6,1.0,-8.1
1153,2024-01,LT,1.1,0.5,-10.3
1154,2024-02,LT,1.1,-0.5,-11.0
1155,2024-03,LT,0.4,-1.5,-12.2
1156,2024-04,LT,0.4,-1.8,-11.6
1157,2024-05,LT,0.9,-0.9,-10.7
1158,2024-06,LT,1.0,-0.7,-9.7
1159,2024-07,LT,1.1,-1.0,-6.9
1160,2024-08,LT,0.8,-0.8,-5.7
1161,2024-09,LT,0.4,0.0,-4.7
1162,2024-10,LT,0.1,-0.7,-5.2
1163,2024-11,LT,1.1,0.4,-3.6
1164,2024-12,LT,1.9,1.1,-2.6
1165,2025-01,LT,3.4,2.4,0.9
1166,2025-02,LT,3.2,2.9,1.0
1167,2025-03,LT,3.7,4.3,3.6
1168,2025-04,LT,3.6,4.8,4.7
1169,2025-05,LT,3.0,4.1,2.3
1170,2020-01,LU,2.5,1.5,2.4
1171,2020-02,LU,1.8,1.8,1.0
1172,2020-03,LU,0.3,2.9,-0.3
1173,2020-04,LU,-0.8,3.9,-1.7
1174,2020-05,LU,-1.6,3.4,-2.4
1175,2020-06,LU,-0.4,3.1,-1.0
1176,2020-07,LU,0.1,2.2,-0.5
1177,2020-08,LU,-0.2,2.2,-0.9
1178,2020-09,LU,-0.3,2.7,-1.4
1179,2020-10,LU,-0.4,2.8,-1.6
1180,2020-11,LU,-0.7,2.7,-1.6
1181,2020-12,LU,-0.3,1.8,-1.1
1182,2021-01,LU,1.1,1.4,-0.9
1183,2021-02,LU,-0.5,1.1,0.5
1184,2021-03,LU,2.5,1.3,2.0
1185,2021-04,LU,3.3,-0.3,4.0
1186,2021-05,LU,4.0,0.4,4.9
1187,2021-06,LU,3.4,0.2,4.5
1188,2021-07,LU,3.3,0.9,4.5
1189,2021-08,LU,3.5,1.3,4.9
1190,2021-09,LU,4.0,0.9,5.5
1191,2021-10,LU,5.3,1.3,7.8
1192,2021-11,LU,6.3,1.5,9.6
1193,2021-12,LU,5.4,2.2,8.2
1194,2022-01,LU,4.6,2.8,9.7
1195,2022-02,LU,7.8,3.4,11.3
1196,2022-03,LU,7.9,3.9,12.0
1197,2022-04,LU,9.0,5.3,12.7
1198,2022-05,LU,9.1,5.6,9.7
1199,2022-06,LU,10.3,6.9,9.9
1200,2022-07,LU,9.3,7.6,8.9
1201,2022-08,LU,8.6,8.1,8.5
1202,2022-09,LU,8.8,8.7,8.9
1203,2022-10,LU,8.8,10.5,8.8
1204,2022-11,LU,7.3,10.5,6.3
1205,2022-12,LU,6.2,11.0,6.1
1206,2023-01,LU,5.8,11.7,3.3
1207,2023-02,LU,4.8,13.0,0.9
1208,2023-03,LU,2.9,13.1,-0.1
1209,2023-04,LU,2.7,12.5,-0.7
1210,2023-05,LU,2.0,12.2,1.0
1211,2023-06,LU,1.0,11.2,0.8
1212,2023-07,LU,2.0,10.6,1.4
1213,2023-08,LU,3.5,10.0,2.8
1214,2023-09,LU,3.4,9.1,2.8
1215,2023-10,LU,2.1,7.9,0.5
1216,2023-11,LU,2.1,7.7,0.9
1217,2023-12,LU,3.2,7.2,1.2
1218,2024-01,LU,3.0,6.3,1.2
1219,2024-02,LU,3.2,4.3,2.1
1220,2024-03,LU,3.2,3.2,1.6
1221,2024-04,LU,3.0,2.5,1.2
1222,2024-05,LU,3.2,2.3,1.3
1223,2024-06,LU,2.8,1.8,1.0
1224,2024-07,LU,2.7,1.4,1.7
1225,2024-08,LU,1.7,1.0,0.4
1226,2024-09,LU,0.8,1.5,-0.7
1227,2024-10,LU,0.9,1.4,-1.2
1228,2024-11,LU,1.1,0.8,-1.2
1229,2024-12,LU,1.6,0.6,-1.8
1230,2025-01,LU,2.4,0.7,5.5
1231,2025-02,LU,1.9,0.9,4.9
1232,2025-03,LU,1.5,0.8,4.8
1233,2025-04,LU,1.7,1.6,4.8
1234,2025-05,LU,2.1,1.5,5.4
1235,2020-01,MT,1.4,2.5,1.8
1236,2020-02,MT,1.1,2.3,1.9
1237,2020-03,MT,1.2,2.3,1.7
1238,2020-04,MT,1.1,3.2,1.4
1239,2020-05,MT,0.9,2.4,1.3
1240,2020-06,MT,1.0,3.3,1.4
1241,2020-07,MT,0.7,2.6,1.3
1242,2020-08,MT,0.7,2.3,1.2
1243,2020-09,MT,0.5,1.7,1.3
1244,2020-10,MT,0.6,2.6,0.8
1245,2020-11,MT,0.2,2.6,0.6
1246,2020-12,MT,0.2,1.2,0.7
1247,2021-01,MT,0.2,0.1,0.5
1248,2021-02,MT,0.1,0.0,0.7
1249,2021-03,MT,0.1,0.8,0.0
1250,2021-04,MT,0.1,0.8,0.2
1251,2021-05,MT,0.2,1.5,0.2
1252,2021-06,MT,0.2,2.1,0.3
1253,2021-07,MT,0.3,2.9,0.9
1254,2021-08,MT,0.4,3.0,1.2
1255,2021-09,MT,0.7,3.5,1.1
1256,2021-10,MT,1.4,3.0,2.6
1257,2021-11,MT,2.4,4.0,2.7
1258,2021-12,MT,2.6,4.9,2.5
1259,2022-01,MT,4.1,6.9,5.2
1260,2022-02,MT,4.2,8.4,5.2
1261,2022-03,MT,4.5,8.7,6.0
1262,2022-04,MT,5.4,9.0,8.6
1263,2022-05,MT,5.8,10.4,8.8
1264,2022-06,MT,6.1,10.2,9.0
1265,2022-07,MT,6.8,11.8,9.2
1266,2022-08,MT,7.0,11.3,9.2
1267,2022-09,MT,7.4,11.9,9.6
1268,2022-10,MT,7.4,14.3,10.2
1269,2022-11,MT,7.2,13.4,10.4
1270,2022-12,MT,7.3,13.5,10.6
1271,2023-01,MT,6.8,11.7,9.1
1272,2023-02,MT,7.0,13.2,9.1
1273,2023-03,MT,7.1,12.9,9.5
1274,2023-04,MT,6.4,11.4,7.6
1275,2023-05,MT,6.3,10.9,7.7
1276,2023-06,MT,6.2,11.8,7.6
1277,2023-07,MT,5.6,10.0,7.6
1278,2023-08,MT,5.0,10.7,7.4
1279,2023-09,MT,4.9,9.9,7.2
1280,2023-10,MT,4.2,8.1,5.4
1281,2023-11,MT,3.9,8.2,5.2
1282,2023-12,MT,3.7,9.5,5.3
1283,2024-01,MT,3.7,10.1,4.3
1284,2024-02,MT,3.0,6.8,4.0
1285,2024-03,MT,2.7,5.6,3.5
1286,2024-04,MT,2.4,5.3,2.9
1287,2024-05,MT,2.3,4.8,2.6
1288,2024-06,MT,2.2,3.7,2.4
1289,2024-07,MT,2.3,4.1,1.6
1290,2024-08,MT,2.4,3.5,1.6
1291,2024-09,MT,2.1,3.5,1.4
1292,2024-10,MT,2.4,4.0,1.3
1293,2024-11,MT,2.1,3.4,1.1
1294,2024-12,MT,1.8,2.0,0.9
1295,2025-01,MT,1.8,1.8,0.6
1296,2025-02,MT,2.0,2.6,0.7
1297,2025-03,MT,2.1,3.2,0.7
1298,2025-04,MT,2.6,3.9,0.9
1299,2025-05,MT,2.7,4.2,0.7
1300,2020-01,NL,1.7,1.8,-1.5
1301,2020-02,NL,1.3,1.9,-1.7
1302,2020-03,NL,1.1,3.1,-1.9
1303,2020-04,NL,1.0,3.4,-2.1
1304,2020-05,NL,1.1,3.2,-2.0
1305,2020-06,NL,1.7,2.7,-2.1
1306,2020-07,NL,1.6,1.9,-1.8
1307,2020-08,NL,0.3,0.9,-1.6
1308,2020-09,NL,1.0,1.2,-1.5
1309,2020-10,NL,1.2,1.1,-1.5
1310,2020-11,NL,0.7,0.8,-1.4
1311,2020-12,NL,0.9,0.6,-1.3
1312,2021-01,NL,1.6,0.5,1.1
1313,2021-02,NL,1.9,0.3,1.7
1314,2021-03,NL,1.9,-1.3,2.3
1315,2021-04,NL,1.7,-2.1,2.8
1316,2021-05,NL,2.0,-1.5,3.0
1317,2021-06,NL,1.7,-1.5,3.8
1318,2021-07,NL,1.4,-0.9,4.4
1319,2021-08,NL,2.7,0.1,4.8
1320,2021-09,NL,3.0,0.0,6.4
1321,2021-10,NL,3.7,0.3,9.6
1322,2021-11,NL,5.9,1.2,16.3
1323,2021-12,NL,6.4,2.6,20.9
1324,2022-01,NL,7.6,4.4,24.0
1325,2022-02,NL,7.3,5.0,21.4
1326,2022-03,NL,11.7,6.4,43.1
1327,2022-04,NL,11.2,8.4,37.7
1328,2022-05,NL,10.2,9.2,29.3
1329,2022-06,NL,9.9,11.1,23.5
1330,2022-07,NL,11.6,12.2,32.6
1331,2022-08,NL,13.7,13.0,45.3
1332,2022-09,NL,17.1,12.7,61.0
1333,2022-10,NL,16.8,13.8,57.1
1334,2022-11,NL,11.3,15.4,27.1
1335,2022-12,NL,11.0,16.8,21.8
1336,2023-01,NL,8.4,17.3,5.0
1337,2023-02,NL,8.9,17.9,5.6
1338,2023-03,NL,4.5,17.8,-11.7
1339,2023-04,NL,5.8,15.6,-8.6
1340,2023-05,NL,6.8,14.8,-3.7
1341,2023-06,NL,6.4,13.0,-0.4
1342,2023-07,NL,5.3,11.5,-8.5
1343,2023-08,NL,3.4,9.6,-16.8
1344,2023-09,NL,-0.3,9.4,-26.1
1345,2023-10,NL,-1.0,7.8,-26.6
1346,2023-11,NL,1.4,6.2,-14.2
1347,2023-12,NL,1.0,4.0,-13.9
1348,2024-01,NL,3.1,2.5,-0.2
1349,2024-02,NL,2.7,0.8,0.7
1350,2024-03,NL,3.1,0.9,1.5
1351,2024-04,NL,2.6,1.2,0.9
1352,2024-05,NL,2.7,1.0,0.9
1353,2024-06,NL,3.4,1.0,1.3
1354,2024-07,NL,3.5,1.3,3.3
1355,2024-08,NL,3.3,1.8,3.5
1356,2024-09,NL,3.3,2.2,3.5
1357,2024-10,NL,3.3,2.2,4.2
1358,2024-11,NL,3.8,2.5,4.0
1359,2024-12,NL,3.9,3.1,3.8
1360,2025-01,NL,3.0,3.5,2.2
1361,2025-02,NL,3.5,4.3,2.7
1362,2025-03,NL,3.4,3.9,2.9
1363,2025-04,NL,4.1,4.0,4.0
1364,2025-05,NL,2.9,4.2,4.9
1365,2020-01,PL,3.8,7.4,5.2
1366,2020-02,PL,4.1,7.3,6.0
1367,2020-03,PL,3.9,7.7,6.0
1368,2020-04,PL,2.9,7.2,6.0
1369,2020-05,PL,3.4,6.0,5.9
1370,2020-06,PL,3.8,5.5,6.1
1371,2020-07,PL,3.7,3.3,5.9
1372,2020-08,PL,3.7,2.5,6.0
1373,2020-09,PL,3.8,2.3,6.0
1374,2020-10,PL,3.8,1.9,6.2
1375,2020-11,PL,3.7,1.6,6.1
1376,2020-12,PL,3.4,0.5,6.2
1377,2021-01,PL,3.6,0.9,6.4
1378,2021-02,PL,3.6,0.7,5.3
1379,2021-03,PL,4.4,0.6,5.5
1380,2021-04,PL,5.1,1.2,5.4
1381,2021-05,PL,4.6,1.5,5.7
1382,2021-06,PL,4.1,1.6,5.9
1383,2021-07,PL,4.7,2.8,6.0
1384,2021-08,PL,5.0,3.6,6.7
1385,2021-09,PL,5.6,4.2,7.2
1386,2021-10,PL,6.4,4.7,9.2
1387,2021-11,PL,7.4,6.1,11.3
1388,2021-12,PL,8.0,8.4,11.9
1389,2022-01,PL,8.7,8.9,14.2
1390,2022-02,PL,8.1,7.2,14.3
1391,2022-03,PL,10.2,8.7,17.2
1392,2022-04,PL,11.4,11.7,19.2
1393,2022-05,PL,12.8,12.3,21.7
1394,2022-06,PL,14.2,12.9,23.5
1395,2022-07,PL,14.2,14.0,24.7
1396,2022-08,PL,14.8,16.5,26.8
1397,2022-09,PL,15.7,18.2,29.0
1398,2022-10,PL,16.4,21.0,28.6
1399,2022-11,PL,16.1,21.3,26.5
1400,2022-12,PL,15.3,20.5,23.6
1401,2023-01,PL,15.9,20.1,26.0
1402,2023-02,PL,17.2,23.6,26.7
1403,2023-03,PL,15.2,24.2,23.1
1404,2023-04,PL,14.0,20.3,20.9
1405,2023-05,PL,12.5,19.9,17.9
1406,2023-06,PL,11.0,19.0,15.7
1407,2023-07,PL,10.3,16.8,14.4
1408,2023-08,PL,9.5,13.8,11.7
1409,2023-09,PL,7.7,11.6,9.0
1410,2023-10,PL,6.3,9.2,7.3
1411,2023-11,PL,6.3,8.8,6.9
1412,2023-12,PL,6.2,7.5,8.6
1413,2024-01,PL,4.5,6.2,2.8
1414,2024-02,PL,3.7,3.7,2.1
1415,2024-03,PL,2.7,0.9,2.2
1416,2024-04,PL,3.0,2.3,2.2
1417,2024-05,PL,2.8,1.8,2.2
1418,2024-06,PL,2.9,2.8,2.3
1419,2024-07,PL,4.0,3.3,7.1
1420,2024-08,PL,4.0,4.0,7.3
1421,2024-09,PL,4.2,4.5,7.7
1422,2024-10,PL,4.2,4.6,7.7
1423,2024-11,PL,3.9,4.3,7.9
1424,2024-12,PL,3.9,4.3,8.0
1425,2025-01,PL,4.3,5.0,8.3
1426,2025-02,PL,4.3,5.7,8.6
1427,2025-03,PL,4.4,6.3,8.7
1428,2025-04,PL,3.7,5.1,8.5
1429,2025-05,PL,3.5,5.2,8.4
1430,2020-01,PT,0.8,0.8,1.1
1431,2020-02,PT,0.5,0.8,1.1
1432,2020-03,PT,0.1,1.2,0.8
1433,2020-04,PT,-0.1,3.8,-0.7
1434,2020-05,PT,-0.6,2.2,-0.8
1435,2020-06,PT,0.2,3.2,-0.9
1436,2020-07,PT,-0.1,2.6,0.1
1437,2020-08,PT,-0.2,2.2,0.1
1438,2020-09,PT,-0.8,2.0,0.0
1439,2020-10,PT,-0.6,2.4,0.0
1440,2020-11,PT,-0.4,2.0,0.0
1441,2020-12,PT,-0.3,1.5,-0.1
1442,2021-01,PT,0.2,1.0,-0.1
1443,2021-02,PT,0.3,0.9,-0.4
1444,2021-03,PT,0.1,0.7,-0.1
1445,2021-04,PT,-0.1,-0.8,1.4
1446,2021-05,PT,0.5,0.5,1.5
1447,2021-06,PT,-0.6,-0.2,1.8
1448,2021-07,PT,1.1,0.6,1.6
1449,2021-08,PT,1.3,0.6,2.3
1450,2021-09,PT,1.3,0.7,2.4
1451,2021-10,PT,1.8,0.5,3.1
1452,2021-11,PT,2.6,1.4,3.2
1453,2021-12,PT,2.8,2.9,3.3
1454,2022-01,PT,3.4,3.7,4.5
1455,2022-02,PT,4.4,4.7,5.1
1456,2022-03,PT,5.5,7.2,5.4
1457,2022-04,PT,7.4,10.3,10.2
1458,2022-05,PT,8.1,12.3,13.4
1459,2022-06,PT,9.0,13.2,13.5
1460,2022-07,PT,9.4,13.9,16.6
1461,2022-08,PT,9.3,15.4,14.9
1462,2022-09,PT,9.8,16.5,14.6
1463,2022-10,PT,10.6,18.6,18.5
1464,2022-11,PT,10.2,20.0,18.5
1465,2022-12,PT,9.8,19.9,18.4
1466,2023-01,PT,8.6,20.6,8.1
1467,2023-02,PT,8.6,21.5,6.9
1468,2023-03,PT,8.0,19.6,6.7
1469,2023-04,PT,6.9,15.4,0.0
1470,2023-05,PT,5.4,9.4,-3.1
1471,2023-06,PT,4.7,8.6,-3.6
1472,2023-07,PT,4.3,7.3,-2.8
1473,2023-08,PT,5.3,6.8,-1.7
1474,2023-09,PT,4.8,6.4,-1.3
1475,2023-10,PT,3.2,4.3,-5.9
1476,2023-11,PT,2.2,3.0,-6.0
1477,2023-12,PT,1.9,1.7,-6.1
1478,2024-01,PT,2.5,2.7,4.3
1479,2024-02,PT,2.3,0.8,5.7
1480,2024-03,PT,2.6,0.0,5.8
1481,2024-04,PT,2.3,0.3,7.3
1482,2024-05,PT,3.8,3.4,7.2
1483,2024-06,PT,3.1,3.0,9.8
1484,2024-07,PT,2.7,3.6,6.0
1485,2024-08,PT,1.8,2.7,5.8
1486,2024-09,PT,2.6,2.7,5.7
1487,2024-10,PT,2.6,3.0,6.9
1488,2024-11,PT,2.7,2.7,7.0
1489,2024-12,PT,3.1,3.4,7.1
1490,2025-01,PT,2.7,1.5,3.5
1491,2025-02,PT,2.5,1.6,3.6
1492,2025-03,PT,1.9,1.7,3.5
1493,2025-04,PT,2.1,1.6,4.4
1494,2025-05,PT,1.7,2.6,4.1
1495,2020-01,RO,3.9,4.9,2.2
1496,2020-02,RO,2.9,3.9,2.3
1497,2020-03,RO,2.7,5.0,2.3
1498,2020-04,RO,2.3,5.8,2.0
1499,2020-05,RO,1.8,5.1,1.9
1500,2020-06,RO,2.2,5.4,1.9
1501,2020-07,RO,2.5,5.8,1.9
1502,2020-08,RO,2.5,5.6,1.7
1503,2020-09,RO,2.1,5.0,1.7
1504,2020-10,RO,1.8,4.2,1.4
1505,2020-11,RO,1.7,3.6,1.6
1506,2020-12,RO,1.8,2.9,1.2
1507,2021-01,RO,2.0,2.5,4.6
1508,2021-02,RO,2.5,2.2,4.4
1509,2021-03,RO,2.5,0.8,4.3
1510,2021-04,RO,2.7,-0.2,4.5
1511,2021-05,RO,3.2,0.7,4.6
1512,2021-06,RO,3.5,1.5,4.7
1513,2021-07,RO,3.8,1.7,9.4
1514,2021-08,RO,4.0,2.1,9.8
1515,2021-09,RO,5.2,4.1,10.3
1516,2021-10,RO,6.5,5.2,15.9
1517,2021-11,RO,6.7,6.2,14.6
1518,2021-12,RO,6.7,6.9,16.8
1519,2022-01,RO,7.2,7.5,15.1
1520,2022-02,RO,7.9,9.3,12.1
1521,2022-03,RO,9.6,11.8,13.2
1522,2022-04,RO,11.7,14.5,25.5
1523,2022-05,RO,12.4,15.1,26.1
1524,2022-06,RO,13.0,15.3,26.4
1525,2022-07,RO,13.0,16.8,25.1
1526,2022-08,RO,13.3,19.1,25.4
1527,2022-09,RO,13.4,19.9,28.5
1528,2022-10,RO,13.5,21.4,22.5
1529,2022-11,RO,14.6,22.3,24.9
1530,2022-12,RO,14.1,22.7,24.2
1531,2023-01,RO,13.4,23.0,18.5
1532,2023-02,RO,13.4,22.7,21.7
1533,2023-03,RO,12.2,22.0,22.0
1534,2023-04,RO,10.4,20.0,10.6
1535,2023-05,RO,9.6,18.8,10.7
1536,2023-06,RO,9.3,18.0,10.2
1537,2023-07,RO,8.9,16.2,7.1
1538,2023-08,RO,9.3,11.0,6.6
1539,2023-09,RO,9.2,9.5,4.6
1540,2023-10,RO,8.3,7.8,4.6
1541,2023-11,RO,6.9,5.9,3.5
1542,2023-12,RO,7.0,4.9,2.5
1543,2024-01,RO,7.3,4.8,6.0
1544,2024-02,RO,7.1,3.6,6.3
1545,2024-03,RO,6.7,1.7,5.4
1546,2024-04,RO,6.2,1.0,2.4
1547,2024-05,RO,5.8,0.1,0.3
1548,2024-06,RO,5.3,-0.1,1.9
1549,2024-07,RO,5.8,0.7,2.8
1550,2024-08,RO,5.3,4.1,2.8
1551,2024-09,RO,4.8,4.7,1.7
1552,2024-10,RO,5.0,4.6,1.5
1553,2024-11,RO,5.4,5.0,2.4
1554,2024-12,RO,5.5,4.9,2.5
1555,2025-01,RO,5.3,4.4,2.9
1556,2025-02,RO,5.2,4.4,4.4
1557,2025-03,RO,5.1,5.0,3.8
1558,2025-04,RO,4.9,5.6,4.9
1559,2025-05,RO,5.4,6.8,6.5
1560,2020-01,SK,3.2,4.4,3.7
1561,2020-02,SK,3.1,4.6,3.7
1562,2020-03,SK,2.4,3.7,3.6
1563,2020-04,SK,2.1,4.3,3.6
1564,2020-05,SK,2.1,4.8,3.8
1565,2020-06,SK,1.8,2.6,3.6
1566,2020-07,SK,1.8,2.1,3.6
1567,2020-08,SK,1.4,1.0,3.6
1568,2020-09,SK,1.4,0.2,3.5
1569,2020-10,SK,1.6,1.0,3.5
1570,2020-11,SK,1.6,0.9,3.4
1571,2020-12,SK,1.6,0.6,3.4
1572,2021-01,SK,0.7,-0.5,-2.3
1573,2021-02,SK,0.9,-0.6,-2.3
1574,2021-03,SK,1.5,-0.9,-2.3
1575,2021-04,SK,1.7,-1.1,-2.3
1576,2021-05,SK,2.0,-0.8,-2.3
1577,2021-06,SK,2.5,1.4,-2.1
1578,2021-07,SK,2.9,2.6,-2.0
1579,2021-08,SK,3.3,3.6,-2.0
1580,2021-09,SK,4.0,4.2,-1.8
1581,2021-10,SK,4.4,3.9,-1.5
1582,2021-11,SK,4.8,4.5,-1.3
1583,2021-12,SK,5.1,5.8,-1.2
1584,2022-01,SK,7.7,8.1,10.7
1585,2022-02,SK,8.3,9.6,11.0
1586,2022-03,SK,9.6,11.8,11.9
1587,2022-04,SK,10.9,13.9,12.6
1588,2022-05,SK,11.8,16.0,12.8
1589,2022-06,SK,12.6,17.9,13.2
1590,2022-07,SK,12.8,19.1,13.4
1591,2022-08,SK,13.4,21.0,14.1
1592,2022-09,SK,13.6,23.3,14.6
1593,2022-10,SK,14.5,26.1,15.1
1594,2022-11,SK,15.1,27.8,15.5
1595,2022-12,SK,15.0,28.1,15.9
1596,2023-01,SK,15.1,27.5,13.6
1597,2023-02,SK,15.4,27.8,13.8
1598,2023-03,SK,14.8,28.2,13.5
1599,2023-04,SK,14.0,25.5,12.9
1600,2023-05,SK,12.3,21.7,12.5
1601,2023-06,SK,11.3,18.9,11.8
1602,2023-07,SK,10.3,16.5,11.4
1603,2023-08,SK,9.6,13.5,10.7
1604,2023-09,SK,9.0,11.2,10.0
1605,2023-10,SK,7.8,9.0,9.1
1606,2023-11,SK,6.9,7.8,8.2
1607,2023-12,SK,6.6,6.5,7.7
1608,2024-01,SK,4.4,4.9,1.1
1609,2024-02,SK,3.8,3.1,0.6
1610,2024-03,SK,2.7,0.6,0.6
1611,2024-04,SK,2.4,0.1,0.8
1612,2024-05,SK,2.6,0.7,0.8
1613,2024-06,SK,2.4,0.5,1.1
1614,2024-07,SK,3.0,1.5,1.3
1615,2024-08,SK,3.2,3.2,1.4
1616,2024-09,SK,2.9,3.1,1.6
1617,2024-10,SK,3.5,5.0,1.7
1618,2024-11,SK,3.6,4.7,1.9
1619,2024-12,SK,3.2,2.4,2.0
1620,2025-01,SK,4.2,2.5,3.6
1621,2025-02,SK,4.1,2.8,3.6
1622,2025-03,SK,4.2,3.2,3.1
1623,2025-04,SK,3.9,3.6,3.1
1624,2025-05,SK,4.3,3.9,3.3
1625,2020-01,SI,2.3,3.3,3.8
1626,2020-02,SI,2.0,3.9,2.9
1627,2020-03,SI,0.7,4.1,-5.9
1628,2020-04,SI,-1.3,4.6,-8.4
1629,2020-05,SI,-1.4,4.5,-9.0
1630,2020-06,SI,-0.8,2.6,-0.5
1631,2020-07,SI,-0.3,2.8,0.7
1632,2020-08,SI,-0.7,3.1,0.4
1633,2020-09,SI,-0.7,3.4,-0.5
1634,2020-10,SI,-0.5,2.9,-1.0
1635,2020-11,SI,-1.1,1.4,-1.0
1636,2020-12,SI,-1.2,0.7,-1.3
1637,2021-01,SI,-0.9,-0.2,-2.3
1638,2021-02,SI,-1.1,-0.5,-1.8
1639,2021-03,SI,0.1,-0.6,7.2
1640,2021-04,SI,2.2,-0.4,10.9
1641,2021-05,SI,2.2,-2.1,11.4
1642,2021-06,SI,1.7,-0.5,2.0
1643,2021-07,SI,2.0,-1.0,2.5
1644,2021-08,SI,2.1,-1.2,2.7
1645,2021-09,SI,2.7,0.0,4.1
1646,2021-10,SI,3.5,0.5,6.5
1647,2021-11,SI,4.9,1.2,8.1
1648,2021-12,SI,5.1,4.0,8.5
1649,2022-01,SI,6.0,4.6,11.1
1650,2022-02,SI,7.0,6.3,13.8
1651,2022-03,SI,6.0,6.9,1.1
1652,2022-04,SI,7.4,9.2,6.4
1653,2022-05,SI,8.7,10.7,11.1
1654,2022-06,SI,10.8,12.2,25.8
1655,2022-07,SI,11.7,12.9,27.0
1656,2022-08,SI,11.5,13.8,28.2
1657,2022-09,SI,10.6,14.5,18.9
1658,2022-10,SI,10.3,17.3,18.7
1659,2022-11,SI,10.8,19.2,18.4
1660,2022-12,SI,10.8,18.8,16.4
1661,2023-01,SI,9.9,19.6,13.5
1662,2023-02,SI,9.4,18.9,9.9
1663,2023-03,SI,10.4,19.6,22.8
1664,2023-04,SI,9.2,16.2,15.8
1665,2023-05,SI,8.1,15.4,12.1
1666,2023-06,SI,6.6,13.0,4.5
1667,2023-07,SI,5.7,11.7,2.8
1668,2023-08,SI,6.1,10.8,2.5
1669,2023-09,SI,7.1,9.6,12.7
1670,2023-10,SI,6.6,7.5,10.1
1671,2023-11,SI,4.5,6.2,2.1
1672,2023-12,SI,3.8,4.6,2.1
1673,2024-01,SI,3.4,3.2,3.0
1674,2024-02,SI,3.4,1.7,4.4
1675,2024-03,SI,3.4,0.6,4.8
1676,2024-04,SI,3.0,-0.3,5.0
1677,2024-05,SI,2.5,-0.4,3.0
1678,2024-06,SI,1.6,0.2,-3.3
1679,2024-07,SI,1.4,0.5,-3.6
1680,2024-08,SI,1.1,0.9,-4.0
1681,2024-09,SI,0.7,0.9,-7.3
1682,2024-10,SI,0.0,1.2,-9.6
1683,2024-11,SI,1.6,2.1,-0.6
1684,2024-12,SI,2.0,2.4,0.7
1685,2025-01,SI,2.3,2.2,0.0
1686,2025-02,SI,1.9,2.7,-5.0
1687,2025-03,SI,2.2,3.4,-1.8
1688,2025-04,SI,2.3,6.0,-2.6
1689,2025-05,SI,1.9,5.5,-2.8
1690,2020-01,ES,1.1,2.0,-3.4
1691,2020-02,ES,0.9,2.0,-3.6
1692,2020-03,ES,0.1,2.5,-4.7
1693,2020-04,ES,-0.7,4.0,-6.4
1694,2020-05,ES,-0.9,3.5,-5.9
1695,2020-06,ES,-0.3,2.8,-3.7
1696,2020-07,ES,-0.7,2.2,-3.8
1697,2020-08,ES,-0.6,2.2,-2.7
1698,2020-09,ES,-0.6,2.4,-1.4
1699,2020-10,ES,-0.9,2.3,-3.5
1700,2020-11,ES,-0.8,1.3,-2.1
1701,2020-12,ES,-0.6,1.1,-0.1
1702,2021-01,ES,0.4,1.7,3.1
1703,2021-02,ES,-0.1,1.6,-1.0
1704,2021-03,ES,1.2,1.4,4.2
1705,2021-04,ES,2.0,0.3,9.9
1706,2021-05,ES,2.4,0.8,10.2
1707,2021-06,ES,2.5,1.1,10.7
1708,2021-07,ES,2.9,1.7,9.3
1709,2021-08,ES,3.3,1.9,11.4
1710,2021-09,ES,4.0,1.8,14.3
1711,2021-10,ES,5.4,1.7,20.1
1712,2021-11,ES,5.5,3.3,16.6
1713,2021-12,ES,6.6,4.9,22.9
1714,2022-01,ES,6.2,4.7,17.8
1715,2022-02,ES,7.6,5.6,25.0
1716,2022-03,ES,9.8,6.8,32.8
1717,2022-04,ES,8.3,10.1,18.6
1718,2022-05,ES,8.5,11.0,17.3
1719,2022-06,ES,10.0,13.0,18.8
1720,2022-07,ES,10.7,13.5,22.8
1721,2022-08,ES,10.5,13.8,24.5
1722,2022-09,ES,9.0,14.4,14.1
1723,2022-10,ES,7.3,15.4,2.6
1724,2022-11,ES,6.7,15.3,0.9
1725,2022-12,ES,5.5,15.7,-4.5
1726,2023-01,ES,5.9,15.4,-8.3
1727,2023-02,ES,6.0,16.6,-6.1
1728,2023-03,ES,3.1,16.5,-16.1
1729,2023-04,ES,3.8,12.9,-10.8
1730,2023-05,ES,2.9,12.0,-10.4
1731,2023-06,ES,1.6,10.3,-12.7
1732,2023-07,ES,2.1,10.8,-14.8
1733,2023-08,ES,2.4,10.5,-18.0
1734,2023-09,ES,3.3,10.5,-13.1
1735,2023-10,ES,3.5,9.4,-7.6
1736,2023-11,ES,3.3,9.0,-5.6
1737,2023-12,ES,3.3,7.3,-5.8
1738,2024-01,ES,3.5,7.4,1.5
1739,2024-02,ES,2.9,5.3,-2.7
1740,2024-03,ES,3.3,4.3,1.5
1741,2024-04,ES,3.4,4.7,3.9
1742,2024-05,ES,3.8,4.4,5.1
1743,2024-06,ES,3.6,4.2,5.1
1744,2024-07,ES,2.9,3.1,3.1
1745,2024-08,ES,2.4,2.5,4.0
1746,2024-09,ES,1.7,1.8,2.9
1747,2024-10,ES,1.8,1.9,4.2
1748,2024-11,ES,2.4,1.7,7.3
1749,2024-12,ES,2.8,1.8,7.4
1750,2025-01,ES,2.9,1.8,7.9
1751,2025-02,ES,2.9,2.2,9.7
1752,2025-03,ES,2.2,2.4,5.7
1753,2025-04,ES,2.2,2.1,4.2
1754,2025-05,ES,2.0,2.5,3.7
1755,2020-01,SE,1.5,2.5,-2.2
1756,2020-02,SE,1.3,2.5,-2.6
1757,2020-03,SE,0.8,2.5,-2.5
1758,2020-04,SE,-0.2,3.4,-3.2
1759,2020-05,SE,0.1,3.8,-2.4
1760,2020-06,SE,0.9,2.6,0.4
1761,2020-07,SE,0.7,1.5,-2.9
1762,2020-08,SE,1.0,2.0,-0.2
1763,2020-09,SE,0.6,0.9,0.2
1764,2020-10,SE,0.4,1.4,-1.7
1765,2020-11,SE,0.2,1.1,-2.2
1766,2020-12,SE,0.6,1.0,-0.3
1767,2021-01,SE,1.9,2.0,3.0
1768,2021-02,SE,1.8,0.2,4.7
1769,2021-03,SE,2.1,0.0,4.0
1770,2021-04,SE,2.8,-0.4,4.6
1771,2021-05,SE,2.4,-0.9,5.0
1772,2021-06,SE,1.8,-0.2,4.2
1773,2021-07,SE,1.8,-0.1,7.8
1774,2021-08,SE,2.5,0.4,5.9
1775,2021-09,SE,3.0,1.0,7.9
1776,2021-10,SE,3.3,1.3,7.0
1777,2021-11,SE,3.9,1.1,9.3
1778,2021-12,SE,4.5,1.9,15.5
1779,2022-01,SE,3.9,2.2,9.3
1780,2022-02,SE,4.4,4.3,7.0
1781,2022-03,SE,6.3,6.3,12.5
1782,2022-04,SE,6.6,6.9,11.8
1783,2022-05,SE,7.5,9.2,12.2
1784,2022-06,SE,8.9,11.5,14.0
1785,2022-07,SE,8.3,13.9,9.2
1786,2022-08,SE,9.5,14.3,17.5
1787,2022-09,SE,10.3,16.5,19.0
1788,2022-10,SE,9.8,17.6,11.0
1789,2022-11,SE,10.1,18.5,14.1
1790,2022-12,SE,10.8,18.6,17.5
1791,2023-01,SE,9.6,20.3,8.2
1792,2023-02,SE,9.7,21.6,6.9
1793,2023-03,SE,8.1,20.2,2.7
1794,2023-04,SE,7.7,17.8,2.9
1795,2023-05,SE,6.7,14.9,-1.6
1796,2023-06,SE,6.3,13.2,-0.9
1797,2023-07,SE,6.3,11.2,-3.0
1798,2023-08,SE,4.5,9.7,-11.1
1799,2023-09,SE,3.7,8.2,-15.5
1800,2023-10,SE,4.0,7.1,-6.9
1801,2023-11,SE,3.3,6.6,-6.1
1802,2023-12,SE,1.9,5.8,-14.1
1803,2024-01,SE,3.4,3.6,-0.4
1804,2024-02,SE,2.6,1.1,-0.6
1805,2024-03,SE,2.3,-0.8,0.5
1806,2024-04,SE,2.4,0.5,0.9
1807,2024-05,SE,2.5,1.4,0.4
1808,2024-06,SE,1.4,1.0,-1.4
1809,2024-07,SE,1.7,1.0,2.0
1810,2024-08,SE,1.3,1.3,0.7
1811,2024-09,SE,1.2,2.1,2.8
1812,2024-10,SE,1.6,1.8,3.4
1813,2024-11,SE,2.0,2.0,2.8
1814,2024-12,SE,1.6,1.8,1.5
1815,2025-01,SE,2.0,2.3,2.6
1816,2025-02,SE,2.8,3.9,6.8
1817,2025-03,SE,2.1,5.4,3.2
1818,2025-04,SE,2.1,5.4,2.8
1819,2025-05,SE,2.3,5.0,7.0
