Country,â‚¬/MWh,Date
Austria,29.51,2020-01-01
Belgium,35.45,2020-01-01
Bulgaria,62.45,2020-01-01
Switzerland,31.82,2020-01-01
Czechia,32.12,2020-01-01
Germany,34.96,2020-01-01
Denmark,30.99,2020-01-01
Denmark,30.99,2020-01-01
Estonia,27.74,2020-01-01
Spain,35.54,2020-01-01
Finland,27.74,2020-01-01
France,35.21,2020-01-01
Greece,53.31,2020-01-01
Croatia,35.26,2020-01-01
Hungary,32.14,2020-01-01
Italy,36.08,2020-01-01
Lithuania,27.74,2020-01-01
Latvia,27.74,2020-01-01
Netherlands,34.58,2020-01-01
Norway,30.94,2020-01-01
Norway,30.94,2020-01-01
Norway,27.74,2020-01-01
Norway,27.74,2020-01-01
Norway,30.94,2020-01-01
Poland,33.46,2020-01-01
Portugal,35.54,2020-01-01
Romania,140.59,2020-01-01
Serbia,31.73,2020-01-01
Sweden,27.74,2020-01-01
Sweden,27.74,2020-01-01
Sweden,27.74,2020-01-01
Sweden,27.74,2020-01-01
Slovenia,35.26,2020-01-01
Slovakia,32.12,2020-01-01
Ukraine,0.0,2020-01-01
Austria,34.5,2020-02-01
Belgium,18.8,2020-02-01
Bulgaria,73.41,2020-02-01
Switzerland,38.57,2020-02-01
Czechia,37.85,2020-02-01
Germany,6.83,2020-02-01
Denmark,6.83,2020-02-01
Denmark,8.26,2020-02-01
Estonia,18.94,2020-02-01
Spain,29.23,2020-02-01
Finland,14.07,2020-02-01
France,17.4,2020-02-01
Greece,57.69,2020-02-01
Croatia,41.8,2020-02-01
Hungary,43.04,2020-02-01
Italy,42.63,2020-02-01
Lithuania,18.94,2020-02-01
Latvia,18.94,2020-02-01
Netherlands,29.1,2020-02-01
Norway,16.16,2020-02-01
Norway,16.16,2020-02-01
Norway,15.72,2020-02-01
Norway,14.82,2020-02-01
Norway,16.16,2020-02-01
Poland,42.35,2020-02-01
Portugal,29.23,2020-02-01
Romania,205.68,2020-02-01
Serbia,44.75,2020-02-01
Sweden,14.07,2020-02-01
Sweden,14.07,2020-02-01
Sweden,14.07,2020-02-01
Sweden,14.07,2020-02-01
Slovenia,39.71,2020-02-01
Slovakia,37.85,2020-02-01
Ukraine,0.0,2020-02-01
Austria,24.61,2020-03-01
Belgium,19.68,2020-03-01
Bulgaria,33.36,2020-03-01
Switzerland,23.96,2020-03-01
Czechia,17.32,2020-03-01
Germany,7.14,2020-03-01
Denmark,4.77,2020-03-01
Denmark,10.88,2020-03-01
Estonia,18.81,2020-03-01
Spain,14.22,2020-03-01
Finland,18.81,2020-03-01
France,15.64,2020-03-01
Greece,41.74,2020-03-01
Croatia,23.73,2020-03-01
Hungary,27.07,2020-03-01
Italy,24.8,2020-03-01
Lithuania,18.81,2020-03-01
Latvia,18.81,2020-03-01
Netherlands,21.19,2020-03-01
Norway,9.75,2020-03-01
Norway,9.25,2020-03-01
Norway,10.86,2020-03-01
Norway,10.86,2020-03-01
Norway,9.75,2020-03-01
Poland,27.92,2020-03-01
Portugal,14.22,2020-03-01
Romania,130.29,2020-03-01
Serbia,27.35,2020-03-01
Sweden,10.52,2020-03-01
Sweden,10.52,2020-03-01
Sweden,10.52,2020-03-01
Sweden,10.52,2020-03-01
Slovenia,23.73,2020-03-01
Slovakia,17.32,2020-03-01
Ukraine,0.0,2020-03-01
Austria,22.61,2020-04-01
Belgium,23.08,2020-04-01
Bulgaria,59.22,2020-04-01
Switzerland,22.3,2020-04-01
Czechia,24.1,2020-04-01
Germany,23.36,2020-04-01
Denmark,6.99,2020-04-01
Denmark,14.56,2020-04-01
Estonia,17.75,2020-04-01
Spain,26.2,2020-04-01
Finland,17.66,2020-04-01
France,22.98,2020-04-01
Greece,34.18,2020-04-01
Croatia,25.37,2020-04-01
Hungary,25.78,2020-04-01
Italy,26.77,2020-04-01
Lithuania,17.55,2020-04-01
Latvia,17.75,2020-04-01
Netherlands,23.31,2020-04-01
Norway,4.95,2020-04-01
Norway,4.95,2020-04-01
Norway,5.12,2020-04-01
Norway,5.12,2020-04-01
Norway,4.95,2020-04-01
Poland,30.25,2020-04-01
Portugal,26.2,2020-04-01
Romania,124.08,2020-04-01
Serbia,27.28,2020-04-01
Sweden,5.12,2020-04-01
Sweden,5.12,2020-04-01
Sweden,6.99,2020-04-01
Sweden,6.99,2020-04-01
Slovenia,25.37,2020-04-01
Slovakia,24.1,2020-04-01
Ukraine,0.0,2020-04-01
Austria,6.77,2020-05-01
Belgium,7.56,2020-05-01
Bulgaria,46.37,2020-05-01
Switzerland,7.62,2020-05-01
Czechia,8.18,2020-05-01
Germany,6.53,2020-05-01
Denmark,9.17,2020-05-01
Denmark,9.86,2020-05-01
Estonia,10.81,2020-05-01
Spain,4.63,2020-05-01
Finland,7.79,2020-05-01
France,5.47,2020-05-01
Greece,15.79,2020-05-01
Croatia,24.68,2020-05-01
Hungary,17.06,2020-05-01
Italy,10.52,2020-05-01
Lithuania,10.81,2020-05-01
Latvia,10.81,2020-05-01
Netherlands,14.14,2020-05-01
Norway,5.11,2020-05-01
Norway,5.11,2020-05-01
Norway,5.61,2020-05-01
Norway,6.37,2020-05-01
Norway,5.11,2020-05-01
Poland,30.42,2020-05-01
Portugal,4.63,2020-05-01
Romania,152.4,2020-05-01
Serbia,13.88,2020-05-01
Sweden,6.21,2020-05-01
Sweden,6.21,2020-05-01
Sweden,7.27,2020-05-01
Sweden,9.19,2020-05-01
Slovenia,15.56,2020-05-01
Slovakia,8.18,2020-05-01
Ukraine,0.0,2020-05-01
Austria,7.94,2020-06-01
Belgium,8.98,2020-06-01
Bulgaria,46.81,2020-06-01
Switzerland,6.05,2020-06-01
Czechia,11.3,2020-06-01
Germany,6.07,2020-06-01
Denmark,9.74,2020-06-01
Denmark,10.47,2020-06-01
Estonia,28.43,2020-06-01
Spain,34.23,2020-06-01
Finland,28.42,2020-06-01
France,8.68,2020-06-01
Greece,22.93,2020-06-01
Croatia,19.99,2020-06-01
Hungary,21.94,2020-06-01
Italy,19.63,2020-06-01
Lithuania,28.43,2020-06-01
Latvia,28.43,2020-06-01
Netherlands,10.0,2020-06-01
Norway,1.9,2020-06-01
Norway,1.9,2020-06-01
Norway,4.63,2020-06-01
Norway,4.64,2020-06-01
Norway,1.9,2020-06-01
Poland,42.37,2020-06-01
Portugal,34.23,2020-06-01
Romania,112.6,2020-06-01
Serbia,21.89,2020-06-01
Sweden,6.19,2020-06-01
Sweden,6.19,2020-06-01
Sweden,8.89,2020-06-01
Sweden,9.68,2020-06-01
Slovenia,18.55,2020-06-01
Slovakia,11.3,2020-06-01
Ukraine,0.0,2020-06-01
Austria,34.23,2020-07-01
Belgium,32.28,2020-07-01
Bulgaria,81.8,2020-07-01
Switzerland,35.22,2020-07-01
Czechia,33.67,2020-07-01
Germany,32.39,2020-07-01
Denmark,27.85,2020-07-01
Denmark,27.85,2020-07-01
Estonia,29.11,2020-07-01
Spain,37.45,2020-07-01
Finland,29.11,2020-07-01
France,35.12,2020-07-01
Greece,46.0,2020-07-01
Croatia,39.57,2020-07-01
Hungary,40.99,2020-07-01
Italy,49.65,2020-07-01
Lithuania,26.6,2020-07-01
Latvia,29.11,2020-07-01
Netherlands,32.2,2020-07-01
Norway,1.14,2020-07-01
Norway,1.14,2020-07-01
Norway,1.84,2020-07-01
Norway,1.85,2020-07-01
Norway,1.14,2020-07-01
Poland,50.51,2020-07-01
Portugal,37.45,2020-07-01
Romania,198.55,2020-07-01
Serbia,39.43,2020-07-01
Sweden,10.31,2020-07-01
Sweden,10.31,2020-07-01
Sweden,12.74,2020-07-01
Sweden,25.2,2020-07-01
Slovenia,39.57,2020-07-01
Slovakia,33.67,2020-07-01
Ukraine,0.0,2020-07-01
Austria,29.21,2020-08-01
Belgium,27.18,2020-08-01
Bulgaria,83.72,2020-08-01
Switzerland,32.56,2020-08-01
Czechia,27.25,2020-08-01
Germany,28.31,2020-08-01
Denmark,26.17,2020-08-01
Denmark,27.93,2020-08-01
Estonia,33.56,2020-08-01
Spain,33.5,2020-08-01
Finland,33.56,2020-08-01
France,32.8,2020-08-01
Greece,54.86,2020-08-01
Croatia,32.23,2020-08-01
Hungary,40.43,2020-08-01
Italy,40.73,2020-08-01
Lithuania,36.38,2020-08-01
Latvia,36.38,2020-08-01
Netherlands,24.61,2020-08-01
Norway,1.02,2020-08-01
Norway,1.02,2020-08-01
Norway,2.06,2020-08-01
Norway,2.06,2020-08-01
Norway,1.02,2020-08-01
Poland,51.27,2020-08-01
Portugal,33.5,2020-08-01
Romania,195.38,2020-08-01
Serbia,41.89,2020-08-01
Sweden,3.04,2020-08-01
Sweden,3.04,2020-08-01
Sweden,11.18,2020-08-01
Sweden,27.41,2020-08-01
Slovenia,32.23,2020-08-01
Slovakia,27.25,2020-08-01
Ukraine,0.0,2020-08-01
Austria,53.89,2020-09-01
Belgium,50.01,2020-09-01
Bulgaria,112.99,2020-09-01
Switzerland,52.89,2020-09-01
Czechia,54.56,2020-09-01
Germany,49.81,2020-09-01
Denmark,49.81,2020-09-01
Denmark,52.62,2020-09-01
Estonia,51.37,2020-09-01
Spain,46.01,2020-09-01
Finland,51.37,2020-09-01
France,49.87,2020-09-01
Greece,64.77,2020-09-01
Croatia,49.81,2020-09-01
Hungary,54.62,2020-09-01
Italy,48.97,2020-09-01
Lithuania,52.1,2020-09-01
Latvia,52.1,2020-09-01
Netherlands,49.95,2020-09-01
Norway,17.72,2020-09-01
Norway,17.72,2020-09-01
Norway,18.59,2020-09-01
Norway,15.19,2020-09-01
Norway,17.72,2020-09-01
Poland,57.3,2020-09-01
Portugal,45.85,2020-09-01
Romania,265.59,2020-09-01
Serbia,55.87,2020-09-01
Sweden,47.96,2020-09-01
Sweden,47.96,2020-09-01
Sweden,51.37,2020-09-01
Sweden,52.1,2020-09-01
Slovenia,49.81,2020-09-01
Slovakia,54.56,2020-09-01
Ukraine,0.0,2020-09-01
Austria,43.88,2020-10-01
Belgium,46.4,2020-10-01
Bulgaria,93.73,2020-10-01
Switzerland,45.3,2020-10-01
Czechia,46.22,2020-10-01
Germany,41.02,2020-10-01
Denmark,30.54,2020-10-01
Denmark,31.74,2020-10-01
Estonia,39.08,2020-10-01
Spain,41.48,2020-10-01
Finland,36.2,2020-10-01
France,44.09,2020-10-01
Greece,46.77,2020-10-01
Croatia,42.9,2020-10-01
Hungary,46.26,2020-10-01
Italy,46.39,2020-10-01
Lithuania,39.08,2020-10-01
Latvia,39.08,2020-10-01
Netherlands,40.42,2020-10-01
Norway,2.4,2020-10-01
Norway,2.4,2020-10-01
Norway,3.31,2020-10-01
Norway,3.02,2020-10-01
Norway,2.4,2020-10-01
Poland,56.06,2020-10-01
Portugal,41.15,2020-10-01
Romania,231.04,2020-10-01
Serbia,43.01,2020-10-01
Sweden,30.54,2020-10-01
Sweden,30.54,2020-10-01
Sweden,30.54,2020-10-01
Sweden,31.74,2020-10-01
Slovenia,42.9,2020-10-01
Slovakia,46.24,2020-10-01
Ukraine,0.0,2020-10-01
Austria,19.1,2020-11-01
Belgium,18.85,2020-11-01
Bulgaria,38.61,2020-11-01
Switzerland,18.81,2020-11-01
Czechia,16.39,2020-11-01
Germany,16.95,2020-11-01
Denmark,5.55,2020-11-01
Denmark,5.55,2020-11-01
Estonia,12.13,2020-11-01
Spain,27.22,2020-11-01
Finland,5.55,2020-11-01
France,17.35,2020-11-01
Greece,53.56,2020-11-01
Croatia,21.94,2020-11-01
Hungary,20.09,2020-11-01
Italy,43.01,2020-11-01
Lithuania,12.13,2020-11-01
Latvia,12.13,2020-11-01
Netherlands,28.03,2020-11-01
Norway,5.55,2020-11-01
Norway,5.55,2020-11-01
Norway,5.66,2020-11-01
Norway,5.69,2020-11-01
Norway,5.55,2020-11-01
Poland,38.62,2020-11-01
Portugal,33.3,2020-11-01
Romania,97.91,2020-11-01
Serbia,21.24,2020-11-01
Sweden,5.55,2020-11-01
Sweden,5.55,2020-11-01
Sweden,5.55,2020-11-01
Sweden,5.55,2020-11-01
Slovenia,21.94,2020-11-01
Slovakia,16.39,2020-11-01
Ukraine,1097.73,2020-11-01
Austria,57.1,2020-12-01
Belgium,53.85,2020-12-01
Bulgaria,110.54,2020-12-01
Switzerland,58.13,2020-12-01
Czechia,60.42,2020-12-01
Germany,53.71,2020-12-01
Denmark,52.6,2020-12-01
Denmark,69.67,2020-12-01
Estonia,69.28,2020-12-01
Spain,50.36,2020-12-01
Finland,66.01,2020-12-01
France,55.57,2020-12-01
Greece,52.89,2020-12-01
Croatia,57.62,2020-12-01
Hungary,60.42,2020-12-01
Italy,57.96,2020-12-01
Lithuania,69.67,2020-12-01
Latvia,69.28,2020-12-01
Netherlands,53.38,2020-12-01
Norway,14.91,2020-12-01
Norway,14.91,2020-12-01
Norway,11.2,2020-12-01
Norway,11.03,2020-12-01
Norway,14.91,2020-12-01
Poland,63.25,2020-12-01
Portugal,50.34,2020-12-01
Romania,264.74,2020-12-01
Serbia,61.14,2020-12-01
Sweden,14.94,2020-12-01
Sweden,14.94,2020-12-01
Sweden,66.01,2020-12-01
Sweden,69.67,2020-12-01
Slovenia,57.62,2020-12-01
Slovakia,60.42,2020-12-01
Ukraine,1524.21,2020-12-01
Austria,46.01,2021-01-01
Belgium,48.4,2021-01-01
Bulgaria,79.9,2021-01-01
Switzerland,48.06,2021-01-01
Czechia,40.86,2021-01-01
Germany,48.4,2021-01-01
Denmark,48.4,2021-01-01
Denmark,48.4,2021-01-01
Estonia,36.24,2021-01-01
Spain,42.51,2021-01-01
Finland,26.25,2021-01-01
France,48.4,2021-01-01
Greece,45.58,2021-01-01
Croatia,46.59,2021-01-01
Hungary,39.88,2021-01-01
Italy,48.17,2021-01-01
Lithuania,36.24,2021-01-01
Latvia,36.24,2021-01-01
Netherlands,48.4,2021-01-01
Norway,26.1,2021-01-01
Norway,26.1,2021-01-01
Norway,25.65,2021-01-01
Norway,22.67,2021-01-01
Norway,26.1,2021-01-01
Poland,39.29,2021-01-01
Portugal,42.51,2021-01-01
Romania,185.77,2021-01-01
Serbia,32.46,2021-01-01
Sweden,26.17,2021-01-01
Sweden,26.17,2021-01-01
Sweden,26.17,2021-01-01
Sweden,36.24,2021-01-01
Slovenia,46.59,2021-01-01
Slovakia,39.88,2021-01-01
Ukraine,1187.4,2021-01-01
Austria,58.53,2021-02-01
Belgium,57.19,2021-02-01
Bulgaria,94.81,2021-02-01
Switzerland,57.88,2021-02-01
Czechia,57.27,2021-02-01
Germany,57.47,2021-02-01
Denmark,57.51,2021-02-01
Denmark,86.29,2021-02-01
Estonia,86.93,2021-02-01
Spain,11.9,2021-02-01
Finland,86.93,2021-02-01
France,56.81,2021-02-01
Greece,58.46,2021-02-01
Croatia,57.32,2021-02-01
Hungary,54.85,2021-02-01
Italy,59.65,2021-02-01
Lithuania,86.93,2021-02-01
Latvia,86.93,2021-02-01
Netherlands,57.45,2021-02-01
Norway,86.19,2021-02-01
Norway,57.85,2021-02-01
Norway,83.64,2021-02-01
Norway,83.64,2021-02-01
Norway,83.54,2021-02-01
Poland,57.66,2021-02-01
Portugal,11.9,2021-02-01
Romania,254.0,2021-02-01
Serbia,56.14,2021-02-01
Sweden,83.64,2021-02-01
Sweden,83.64,2021-02-01
Sweden,86.29,2021-02-01
Sweden,86.29,2021-02-01
Slovenia,57.32,2021-02-01
Slovakia,54.75,2021-02-01
Ukraine,1704.04,2021-02-01
Austria,55.12,2021-03-01
Belgium,49.48,2021-03-01
Bulgaria,99.54,2021-03-01
Switzerland,54.16,2021-03-01
Czechia,52.56,2021-03-01
Germany,49.76,2021-03-01
Denmark,49.18,2021-03-01
Denmark,49.3,2021-03-01
Estonia,43.84,2021-03-01
Spain,42.24,2021-03-01
Finland,34.34,2021-03-01
France,49.96,2021-03-01
Greece,55.49,2021-03-01
Croatia,50.73,2021-03-01
Hungary,52.74,2021-03-01
Italy,56.53,2021-03-01
Lithuania,43.84,2021-03-01
Latvia,43.84,2021-03-01
Netherlands,49.1,2021-03-01
Norway,37.93,2021-03-01
Norway,37.93,2021-03-01
Norway,24.27,2021-03-01
Norway,24.27,2021-03-01
Norway,37.93,2021-03-01
Poland,59.98,2021-03-01
Portugal,42.24,2021-03-01
Romania,266.52,2021-03-01
Serbia,53.66,2021-03-01
Sweden,24.27,2021-03-01
Sweden,24.27,2021-03-01
Sweden,34.34,2021-03-01
Sweden,41.63,2021-03-01
Slovenia,50.73,2021-03-01
Slovakia,52.56,2021-03-01
Ukraine,1659.94,2021-03-01
Austria,55.13,2021-04-01
Belgium,51.55,2021-04-01
Bulgaria,112.98,2021-04-01
Switzerland,54.57,2021-04-01
Czechia,57.69,2021-04-01
Germany,52.29,2021-04-01
Denmark,46.66,2021-04-01
Denmark,48.02,2021-04-01
Estonia,44.14,2021-04-01
Spain,52.12,2021-04-01
Finland,35.19,2021-04-01
France,52.79,2021-04-01
Greece,54.17,2021-04-01
Croatia,58.76,2021-04-01
Hungary,58.32,2021-04-01
Italy,61.39,2021-04-01
Lithuania,46.37,2021-04-01
Latvia,44.14,2021-04-01
Netherlands,51.04,2021-04-01
Norway,39.73,2021-04-01
Norway,39.73,2021-04-01
Norway,18.69,2021-04-01
Norway,18.69,2021-04-01
Norway,39.73,2021-04-01
Poland,55.72,2021-04-01
Portugal,52.12,2021-04-01
Romania,286.68,2021-04-01
Serbia,56.33,2021-04-01
Sweden,18.69,2021-04-01
Sweden,18.69,2021-04-01
Sweden,32.41,2021-04-01
Sweden,42.8,2021-04-01
Slovenia,58.76,2021-04-01
Slovakia,57.69,2021-04-01
Ukraine,1531.44,2021-04-01
Austria,60.0,2021-05-01
Belgium,57.04,2021-05-01
Bulgaria,128.51,2021-05-01
Switzerland,59.87,2021-05-01
Czechia,59.19,2021-05-01
Germany,56.69,2021-05-01
Denmark,56.69,2021-05-01
Denmark,56.37,2021-05-01
Estonia,50.29,2021-05-01
Spain,59.36,2021-05-01
Finland,46.55,2021-05-01
France,57.01,2021-05-01
Greece,56.66,2021-05-01
Croatia,56.69,2021-05-01
Hungary,59.19,2021-05-01
Italy,57.9,2021-05-01
Lithuania,52.18,2021-05-01
Latvia,50.29,2021-05-01
Netherlands,57.2,2021-05-01
Norway,51.04,2021-05-01
Norway,51.04,2021-05-01
Norway,46.53,2021-05-01
Norway,46.53,2021-05-01
Norway,51.04,2021-05-01
Poland,60.21,2021-05-01
Portugal,59.36,2021-05-01
Romania,291.0,2021-05-01
Serbia,59.3,2021-05-01
Sweden,46.53,2021-05-01
Sweden,46.53,2021-05-01
Sweden,46.55,2021-05-01
Sweden,52.18,2021-05-01
Slovenia,56.69,2021-05-01
Slovakia,59.19,2021-05-01
Ukraine,1458.0,2021-05-01
Austria,69.0,2021-06-01
Belgium,68.23,2021-06-01
Bulgaria,135.62,2021-06-01
Switzerland,68.69,2021-06-01
Czechia,67.71,2021-06-01
Germany,68.25,2021-06-01
Denmark,68.25,2021-06-01
Denmark,68.25,2021-06-01
Estonia,64.84,2021-06-01
Spain,86.56,2021-06-01
Finland,59.91,2021-06-01
France,68.22,2021-06-01
Greece,70.15,2021-06-01
Croatia,68.22,2021-06-01
Hungary,67.71,2021-06-01
Italy,76.0,2021-06-01
Lithuania,75.75,2021-06-01
Latvia,64.84,2021-06-01
Netherlands,68.25,2021-06-01
Norway,48.97,2021-06-01
Norway,55.02,2021-06-01
Norway,44.05,2021-06-01
Norway,23.52,2021-06-01
Norway,48.97,2021-06-01
Poland,77.2,2021-06-01
Portugal,86.56,2021-06-01
Romania,292.24,2021-06-01
Serbia,68.15,2021-06-01
Sweden,44.63,2021-06-01
Sweden,44.63,2021-06-01
Sweden,46.33,2021-06-01
Sweden,68.2,2021-06-01
Slovenia,68.22,2021-06-01
Slovakia,67.71,2021-06-01
Ukraine,1347.77,2021-06-01
Austria,88.16,2021-07-01
Belgium,88.64,2021-07-01
Bulgaria,175.59,2021-07-01
Switzerland,88.27,2021-07-01
Czechia,89.44,2021-07-01
Germany,89.39,2021-07-01
Denmark,88.93,2021-07-01
Denmark,89.39,2021-07-01
Estonia,89.92,2021-07-01
Spain,92.44,2021-07-01
Finland,82.72,2021-07-01
France,87.79,2021-07-01
Greece,105.42,2021-07-01
Croatia,96.47,2021-07-01
Hungary,94.4,2021-07-01
Italy,99.27,2021-07-01
Lithuania,91.31,2021-07-01
Latvia,91.31,2021-07-01
Netherlands,88.93,2021-07-01
Norway,48.55,2021-07-01
Norway,59.32,2021-07-01
Norway,39.28,2021-07-01
Norway,20.29,2021-07-01
Norway,48.55,2021-07-01
Poland,84.44,2021-07-01
Portugal,92.44,2021-07-01
Romania,94.4,2021-07-01
Serbia,95.71,2021-07-01
Sweden,39.28,2021-07-01
Sweden,39.28,2021-07-01
Sweden,45.13,2021-07-01
Sweden,88.76,2021-07-01
Slovenia,96.47,2021-07-01
Slovakia,89.44,2021-07-01
Ukraine,1499.31,2021-07-01
Austria,57.86,2021-08-01
Belgium,54.28,2021-08-01
Bulgaria,177.89,2021-08-01
Switzerland,60.07,2021-08-01
Czechia,58.54,2021-08-01
Germany,58.54,2021-08-01
Denmark,56.44,2021-08-01
Denmark,58.14,2021-08-01
Estonia,56.96,2021-08-01
Spain,76.89,2021-08-01
Finland,53.97,2021-08-01
France,50.15,2021-08-01
Greece,133.51,2021-08-01
Croatia,57.79,2021-08-01
Hungary,73.43,2021-08-01
Italy,101.25,2021-08-01
Lithuania,58.55,2021-08-01
Latvia,58.55,2021-08-01
Netherlands,81.77,2021-08-01
Norway,55.42,2021-08-01
Norway,55.45,2021-08-01
Norway,48.68,2021-08-01
Norway,30.84,2021-08-01
Norway,55.42,2021-08-01
Poland,61.85,2021-08-01
Portugal,76.89,2021-08-01
Romania,79.98,2021-08-01
Serbia,72.42,2021-08-01
Sweden,48.68,2021-08-01
Sweden,48.68,2021-08-01
Sweden,50.39,2021-08-01
Sweden,56.06,2021-08-01
Slovenia,57.79,2021-08-01
Slovakia,60.44,2021-08-01
Ukraine,1880.19,2021-08-01
Austria,113.79,2021-09-01
Belgium,117.42,2021-09-01
Bulgaria,221.28,2021-09-01
Switzerland,115.15,2021-09-01
Czechia,110.88,2021-09-01
Germany,111.86,2021-09-01
Denmark,111.86,2021-09-01
Denmark,111.86,2021-09-01
Estonia,110.47,2021-09-01
Spain,132.46,2021-09-01
Finland,74.36,2021-09-01
France,104.34,2021-09-01
Greece,123.43,2021-09-01
Croatia,115.44,2021-09-01
Hungary,111.41,2021-09-01
Italy,127.6,2021-09-01
Lithuania,110.47,2021-09-01
Latvia,110.47,2021-09-01
Netherlands,115.47,2021-09-01
Norway,105.28,2021-09-01
Norway,105.28,2021-09-01
Norway,39.72,2021-09-01
Norway,39.72,2021-09-01
Norway,105.28,2021-09-01
Poland,96.61,2021-09-01
Portugal,132.46,2021-09-01
Romania,111.41,2021-09-01
Serbia,117.84,2021-09-01
Sweden,39.72,2021-09-01
Sweden,39.72,2021-09-01
Sweden,83.07,2021-09-01
Sweden,110.47,2021-09-01
Slovenia,115.44,2021-09-01
Slovakia,110.88,2021-09-01
Ukraine,1912.27,2021-09-01
Austria,145.39,2021-10-01
Belgium,100.35,2021-10-01
Bulgaria,328.6,2021-10-01
Switzerland,171.3,2021-10-01
Czechia,109.67,2021-10-01
Germany,100.33,2021-10-01
Denmark,73.64,2021-10-01
Denmark,56.22,2021-10-01
Estonia,103.88,2021-10-01
Spain,216.01,2021-10-01
Finland,61.89,2021-10-01
France,141.81,2021-10-01
Greece,168.01,2021-10-01
Croatia,159.66,2021-10-01
Hungary,143.14,2021-10-01
Italy,203.19,2021-10-01
Lithuania,103.88,2021-10-01
Latvia,103.88,2021-10-01
Netherlands,116.53,2021-10-01
Norway,80.23,2021-10-01
Norway,80.23,2021-10-01
Norway,42.81,2021-10-01
Norway,42.81,2021-10-01
Norway,80.23,2021-10-01
Poland,96.54,2021-10-01
Portugal,216.01,2021-10-01
Romania,143.14,2021-10-01
Serbia,148.32,2021-10-01
Sweden,44.2,2021-10-01
Sweden,44.2,2021-10-01
Sweden,56.22,2021-10-01
Sweden,56.22,2021-10-01
Slovenia,159.66,2021-10-01
Slovakia,140.86,2021-10-01
Ukraine,1770.65,2021-10-01
Austria,94.71,2021-11-01
Belgium,90.51,2021-11-01
Bulgaria,400.12,2021-11-01
Switzerland,177.95,2021-11-01
Czechia,110.23,2021-11-01
Germany,95.49,2021-11-01
Denmark,69.0,2021-11-01
Denmark,64.44,2021-11-01
Estonia,71.02,2021-11-01
Spain,91.2,2021-11-01
Finland,53.81,2021-11-01
France,92.37,2021-11-01
Greece,216.26,2021-11-01
Croatia,161.31,2021-11-01
Hungary,182.95,2021-11-01
Italy,175.08,2021-11-01
Lithuania,71.02,2021-11-01
Latvia,71.02,2021-11-01
Netherlands,97.54,2021-11-01
Norway,69.7,2021-11-01
Norway,69.7,2021-11-01
Norway,13.06,2021-11-01
Norway,13.65,2021-11-01
Norway,69.7,2021-11-01
Poland,71.9,2021-11-01
Portugal,91.2,2021-11-01
Romania,204.58,2021-11-01
Serbia,148.41,2021-11-01
Sweden,14.66,2021-11-01
Sweden,14.66,2021-11-01
Sweden,51.12,2021-11-01
Sweden,60.64,2021-11-01
Slovenia,161.31,2021-11-01
Slovakia,110.23,2021-11-01
Ukraine,2679.71,2021-11-01
Austria,231.91,2021-12-01
Belgium,194.98,2021-12-01
Bulgaria,389.1,2021-12-01
Switzerland,267.55,2021-12-01
Czechia,202.78,2021-12-01
Germany,91.0,2021-12-01
Denmark,91.0,2021-12-01
Denmark,124.15,2021-12-01
Estonia,167.93,2021-12-01
Spain,247.21,2021-12-01
Finland,167.91,2021-12-01
France,280.09,2021-12-01
Greece,236.57,2021-12-01
Croatia,243.94,2021-12-01
Hungary,244.34,2021-12-01
Italy,272.52,2021-12-01
Lithuania,167.93,2021-12-01
Latvia,167.93,2021-12-01
Netherlands,190.58,2021-12-01
Norway,117.91,2021-12-01
Norway,116.49,2021-12-01
Norway,112.63,2021-12-01
Norway,112.63,2021-12-01
Norway,117.91,2021-12-01
Poland,129.69,2021-12-01
Portugal,247.21,2021-12-01
Romania,198.94,2021-12-01
Serbia,219.05,2021-12-01
Sweden,112.63,2021-12-01
Sweden,112.63,2021-12-01
Sweden,124.15,2021-12-01
Sweden,124.15,2021-12-01
Slovenia,243.94,2021-12-01
Slovakia,212.25,2021-12-01
Ukraine,2431.52,2021-12-01
Austria,65.0,2022-01-01
Belgium,85.68,2022-01-01
Bulgaria,140.35,2022-01-01
Switzerland,92.28,2022-01-01
Czechia,82.58,2022-01-01
Germany,82.58,2022-01-01
Denmark,82.41,2022-01-01
Denmark,82.17,2022-01-01
Estonia,82.5,2022-01-01
Spain,122.63,2022-01-01
Finland,82.02,2022-01-01
France,87.08,2022-01-01
Greece,143.94,2022-01-01
Croatia,84.08,2022-01-01
Hungary,83.07,2022-01-01
Italy,150.69,2022-01-01
Lithuania,82.5,2022-01-01
Latvia,82.5,2022-01-01
Netherlands,93.51,2022-01-01
Norway,127.15,2022-01-01
Norway,127.15,2022-01-01
Norway,41.83,2022-01-01
Norway,41.83,2022-01-01
Norway,127.15,2022-01-01
Poland,83.29,2022-01-01
Portugal,122.63,2022-01-01
Romania,71.76,2022-01-01
Serbia,89.35,2022-01-01
Sweden,46.57,2022-01-01
Sweden,46.57,2022-01-01
Sweden,82.17,2022-01-01
Sweden,82.17,2022-01-01
Slovenia,84.08,2022-01-01
Slovakia,82.58,2022-01-01
Ukraine,2377.94,2022-01-01
Austria,195.48,2022-02-01
Belgium,201.33,2022-02-01
Bulgaria,226.29,2022-02-01
Switzerland,227.36,2022-02-01
Czechia,203.45,2022-02-01
Germany,150.25,2022-02-01
Denmark,137.44,2022-02-01
Denmark,141.62,2022-02-01
Estonia,184.17,2022-02-01
Spain,206.54,2022-02-01
Finland,149.46,2022-02-01
France,213.76,2022-02-01
Greece,229.23,2022-02-01
Croatia,241.39,2022-02-01
Hungary,212.66,2022-02-01
Italy,232.52,2022-02-01
Lithuania,186.56,2022-02-01
Latvia,186.56,2022-02-01
Netherlands,191.7,2022-02-01
Norway,143.79,2022-02-01
Norway,143.79,2022-02-01
Norway,19.8,2022-02-01
Norway,18.87,2022-02-01
Norway,135.97,2022-02-01
Poland,152.8,2022-02-01
Portugal,206.54,2022-02-01
Romania,226.29,2022-02-01
Serbia,230.77,2022-02-01
Sweden,80.15,2022-02-01
Sweden,80.15,2022-02-01
Sweden,142.86,2022-02-01
Sweden,142.86,2022-02-01
Slovenia,241.39,2022-02-01
Slovakia,203.45,2022-02-01
Ukraine,2538.38,2022-02-01
Austria,273.12,2022-03-01
Belgium,258.04,2022-03-01
Bulgaria,215.95,2022-03-01
Switzerland,287.53,2022-03-01
Czechia,244.86,2022-03-01
Germany,241.4,2022-03-01
Denmark,229.2,2022-03-01
Denmark,205.66,2022-03-01
Estonia,152.51,2022-03-01
Spain,258.66,2022-03-01
Finland,70.14,2022-03-01
France,270.02,2022-03-01
Greece,255.41,2022-03-01
Croatia,264.89,2022-03-01
Hungary,249.6,2022-03-01
Italy,266.67,2022-03-01
Lithuania,152.51,2022-03-01
Latvia,152.51,2022-03-01
Netherlands,252.33,2022-03-01
Norway,147.85,2022-03-01
Norway,147.85,2022-03-01
Norway,13.68,2022-03-01
Norway,13.68,2022-03-01
Norway,147.85,2022-03-01
Poland,146.76,2022-03-01
Portugal,258.66,2022-03-01
Romania,215.95,2022-03-01
Serbia,270.64,2022-03-01
Sweden,13.68,2022-03-01
Sweden,13.68,2022-03-01
Sweden,102.02,2022-03-01
Sweden,126.54,2022-03-01
Slovenia,264.89,2022-03-01
Slovakia,249.6,2022-03-01
Austria,200.0,2022-04-01
Belgium,208.62,2022-04-01
Bulgaria,95.51,2022-04-01
Switzerland,327.93,2022-04-01
Czechia,165.12,2022-04-01
Germany,160.13,2022-04-01
Denmark,172.83,2022-04-01
Denmark,160.13,2022-04-01
Estonia,155.45,2022-04-01
Spain,224.75,2022-04-01
Finland,155.39,2022-04-01
France,317.5,2022-04-01
Greece,223.48,2022-04-01
Croatia,190.46,2022-04-01
Hungary,171.15,2022-04-01
Italy,294.96,2022-04-01
Lithuania,155.45,2022-04-01
Latvia,155.45,2022-04-01
Netherlands,201.04,2022-04-01
Norway,187.07,2022-04-01
Norway,187.07,2022-04-01
Norway,79.47,2022-04-01
Norway,16.94,2022-04-01
Norway,187.07,2022-04-01
Poland,112.68,2022-04-01
Portugal,224.75,2022-04-01
Romania,95.51,2022-04-01
Serbia,170.3,2022-04-01
Sweden,118.66,2022-04-01
Sweden,118.66,2022-04-01
Sweden,155.39,2022-04-01
Sweden,155.45,2022-04-01
Slovenia,190.46,2022-04-01
Slovakia,170.11,2022-04-01
Austria,182.63,2022-05-01
Belgium,194.74,2022-05-01
Bulgaria,185.75,2022-05-01
Switzerland,187.81,2022-05-01
Czechia,194.74,2022-05-01
Germany,194.74,2022-05-01
Denmark,194.74,2022-05-01
Denmark,194.74,2022-05-01
Estonia,139.32,2022-05-01
Spain,177.86,2022-05-01
Finland,132.26,2022-05-01
France,194.74,2022-05-01
Greece,206.29,2022-05-01
Croatia,195.07,2022-05-01
Hungary,194.74,2022-05-01
Italy,208.75,2022-05-01
Lithuania,139.32,2022-05-01
Latvia,139.32,2022-05-01
Netherlands,194.74,2022-05-01
Norway,192.93,2022-05-01
Norway,192.93,2022-05-01
Norway,20.42,2022-05-01
Norway,14.8,2022-05-01
Norway,194.5,2022-05-01
Poland,121.68,2022-05-01
Portugal,177.86,2022-05-01
Romania,185.75,2022-05-01
Serbia,188.32,2022-05-01
Sweden,35.29,2022-05-01
Sweden,35.29,2022-05-01
Sweden,132.26,2022-05-01
Sweden,139.32,2022-05-01
Slovenia,195.07,2022-05-01
Slovakia,194.74,2022-05-01
Austria,212.36,2022-06-01
Belgium,215.19,2022-06-01
Bulgaria,226.05,2022-06-01
Switzerland,215.72,2022-06-01
Czechia,218.11,2022-06-01
Germany,215.29,2022-06-01
Denmark,215.26,2022-06-01
Denmark,215.29,2022-06-01
Estonia,148.44,2022-06-01
Spain,210.45,2022-06-01
Finland,116.4,2022-06-01
France,216.85,2022-06-01
Greece,235.09,2022-06-01
Croatia,235.6,2022-06-01
Hungary,228.05,2022-06-01
Italy,241.57,2022-06-01
Lithuania,235.53,2022-06-01
Latvia,235.53,2022-06-01
Netherlands,215.26,2022-06-01
Norway,175.15,2022-06-01
Norway,179.54,2022-06-01
Norway,59.99,2022-06-01
Norway,11.4,2022-06-01
Norway,175.15,2022-06-01
Poland,181.12,2022-06-01
Portugal,210.45,2022-06-01
Romania,227.65,2022-06-01
Serbia,222.31,2022-06-01
Sweden,81.05,2022-06-01
Sweden,81.05,2022-06-01
Sweden,110.89,2022-06-01
Sweden,161.78,2022-06-01
Slovenia,235.6,2022-06-01
Slovakia,228.05,2022-06-01
Austria,329.15,2022-07-01
Belgium,305.54,2022-07-01
Bulgaria,358.79,2022-07-01
Switzerland,345.76,2022-07-01
Czechia,329.22,2022-07-01
Germany,314.38,2022-07-01
Denmark,305.87,2022-07-01
Denmark,311.0,2022-07-01
Estonia,202.25,2022-07-01
Spain,145.22,2022-07-01
Finland,202.25,2022-07-01
France,343.15,2022-07-01
Greece,351.7,2022-07-01
Croatia,349.34,2022-07-01
Hungary,360.76,2022-07-01
Italy,370.68,2022-07-01
Lithuania,337.43,2022-07-01
Latvia,337.43,2022-07-01
Netherlands,306.52,2022-07-01
Norway,168.8,2022-07-01
Norway,229.97,2022-07-01
Norway,2.08,2022-07-01
Norway,2.08,2022-07-01
Norway,168.8,2022-07-01
Poland,261.53,2022-07-01
Portugal,145.22,2022-07-01
Romania,358.79,2022-07-01
Serbia,360.12,2022-07-01
Sweden,27.39,2022-07-01
Sweden,27.39,2022-07-01
Sweden,196.04,2022-07-01
Sweden,307.95,2022-07-01
Slovenia,344.47,2022-07-01
Slovakia,358.24,2022-07-01
Austria,455.09,2022-08-01
Belgium,399.86,2022-08-01
Bulgaria,417.52,2022-08-01
Switzerland,450.18,2022-08-01
Czechia,427.33,2022-08-01
Germany,424.62,2022-08-01
Denmark,376.83,2022-08-01
Denmark,376.83,2022-08-01
Estonia,394.11,2022-08-01
Spain,147.43,2022-08-01
Finland,275.36,2022-08-01
France,454.78,2022-08-01
Greece,422.02,2022-08-01
Croatia,430.39,2022-08-01
Hungary,430.2,2022-08-01
Italy,463.41,2022-08-01
Lithuania,394.11,2022-08-01
Latvia,394.11,2022-08-01
Netherlands,404.33,2022-08-01
Norway,222.04,2022-08-01
Norway,366.28,2022-08-01
Norway,2.1,2022-08-01
Norway,2.1,2022-08-01
Norway,222.04,2022-08-01
Poland,234.53,2022-08-01
Portugal,148.7,2022-08-01
Romania,430.44,2022-08-01
Serbia,437.02,2022-08-01
Sweden,16.88,2022-08-01
Sweden,16.88,2022-08-01
Sweden,120.13,2022-08-01
Sweden,133.19,2022-08-01
Slovenia,430.47,2022-08-01
Slovakia,430.14,2022-08-01
Austria,641.07,2022-09-01
Belgium,494.43,2022-09-01
Bulgaria,582.94,2022-09-01
Switzerland,628.36,2022-09-01
Czechia,597.24,2022-09-01
Germany,571.2,2022-09-01
Denmark,571.2,2022-09-01
Denmark,571.2,2022-09-01
Estonia,338.04,2022-09-01
Spain,193.36,2022-09-01
Finland,337.57,2022-09-01
France,635.63,2022-09-01
Greece,582.94,2022-09-01
Croatia,616.54,2022-09-01
Hungary,618.1,2022-09-01
Italy,595.07,2022-09-01
Lithuania,555.97,2022-09-01
Latvia,470.58,2022-09-01
Netherlands,534.68,2022-09-01
Norway,570.48,2022-09-01
Norway,570.48,2022-09-01
Norway,35.02,2022-09-01
Norway,21.24,2022-09-01
Norway,570.48,2022-09-01
Poland,315.45,2022-09-01
Portugal,193.36,2022-09-01
Romania,591.62,2022-09-01
Serbia,629.28,2022-09-01
Sweden,35.02,2022-09-01
Sweden,35.02,2022-09-01
Sweden,392.08,2022-09-01
Sweden,520.42,2022-09-01
Slovenia,619.08,2022-09-01
Slovakia,613.44,2022-09-01
Austria,200.0,2022-10-01
Belgium,102.36,2022-10-01
Bulgaria,252.27,2022-10-01
Switzerland,242.6,2022-10-01
Czechia,139.72,2022-10-01
Germany,82.82,2022-10-01
Denmark,82.84,2022-10-01
Denmark,82.82,2022-10-01
Estonia,253.72,2022-10-01
Spain,116.09,2022-10-01
Finland,253.72,2022-10-01
France,123.46,2022-10-01
Greece,307.22,2022-10-01
Croatia,227.22,2022-10-01
Hungary,248.06,2022-10-01
Italy,229.17,2022-10-01
Lithuania,286.28,2022-10-01
Latvia,286.28,2022-10-01
Netherlands,123.55,2022-10-01
Norway,86.07,2022-10-01
Norway,86.07,2022-10-01
Norway,52.37,2022-10-01
Norway,30.54,2022-10-01
Norway,87.39,2022-10-01
Poland,142.06,2022-10-01
Portugal,116.09,2022-10-01
Romania,252.27,2022-10-01
Serbia,203.37,2022-10-01
Sweden,54.69,2022-10-01
Sweden,54.69,2022-10-01
Sweden,54.69,2022-10-01
Sweden,54.69,2022-10-01
Slovenia,220.13,2022-10-01
Slovakia,235.28,2022-10-01
Austria,100.61,2022-11-01
Belgium,70.47,2022-11-01
Bulgaria,156.02,2022-11-01
Switzerland,138.16,2022-11-01
Czechia,116.21,2022-11-01
Germany,68.86,2022-11-01
Denmark,68.74,2022-11-01
Denmark,68.86,2022-11-01
Estonia,239.6,2022-11-01
Spain,110.32,2022-11-01
Finland,235.85,2022-11-01
France,90.42,2022-11-01
Greece,148.4,2022-11-01
Croatia,133.98,2022-11-01
Hungary,130.18,2022-11-01
Italy,108.64,2022-11-01
Lithuania,239.6,2022-11-01
Latvia,239.6,2022-11-01
Netherlands,70.42,2022-11-01
Norway,70.32,2022-11-01
Norway,70.32,2022-11-01
Norway,29.36,2022-11-01
Norway,17.64,2022-11-01
Norway,70.32,2022-11-01
Poland,109.76,2022-11-01
Portugal,110.32,2022-11-01
Romania,156.02,2022-11-01
Serbia,177.01,2022-11-01
Sweden,48.22,2022-11-01
Sweden,48.22,2022-11-01
Sweden,60.25,2022-11-01
Sweden,60.25,2022-11-01
Slovenia,132.15,2022-11-01
Slovakia,128.49,2022-11-01
Austria,398.85,2022-12-01
Belgium,387.93,2022-12-01
Bulgaria,329.88,2022-12-01
Switzerland,399.07,2022-12-01
Czechia,394.46,2022-12-01
Germany,394.35,2022-12-01
Denmark,394.35,2022-12-01
Denmark,393.27,2022-12-01
Estonia,395.02,2022-12-01
Spain,150.07,2022-12-01
Finland,392.95,2022-12-01
France,390.99,2022-12-01
Greece,330.32,2022-12-01
Croatia,384.84,2022-12-01
Hungary,396.68,2022-12-01
Italy,376.36,2022-12-01
Lithuania,395.02,2022-12-01
Latvia,395.02,2022-12-01
Netherlands,360.39,2022-12-01
Norway,340.49,2022-12-01
Norway,340.49,2022-12-01
Norway,333.17,2022-12-01
Norway,167.24,2022-12-01
Norway,340.49,2022-12-01
Poland,240.06,2022-12-01
Portugal,150.07,2022-12-01
Romania,329.88,2022-12-01
Serbia,391.09,2022-12-01
Sweden,390.65,2022-12-01
Sweden,390.65,2022-12-01
Sweden,392.47,2022-12-01
Sweden,392.47,2022-12-01
Slovenia,390.0,2022-12-01
Slovakia,395.67,2022-12-01
Austria,23.0,2023-01-01
Belgium,13.71,2023-01-01
Bulgaria,17.87,2023-01-01
Switzerland,6.57,2023-01-01
Czechia,16.38,2023-01-01
Germany,14.91,2023-01-01
Denmark,16.54,2023-01-01
Denmark,18.41,2023-01-01
Estonia,18.23,2023-01-01
Spain,6.7,2023-01-01
Finland,18.23,2023-01-01
France,14.91,2023-01-01
Greece,237.87,2023-01-01
Croatia,17.17,2023-01-01
Hungary,17.75,2023-01-01
Italy,193.14,2023-01-01
Lithuania,18.23,2023-01-01
Latvia,18.23,2023-01-01
Netherlands,18.14,2023-01-01
Norway,106.98,2023-01-01
Norway,106.98,2023-01-01
Norway,50.45,2023-01-01
Norway,31.63,2023-01-01
Norway,107.03,2023-01-01
Poland,45.02,2023-01-01
Portugal,6.7,2023-01-01
Romania,17.87,2023-01-01
Serbia,43.0,2023-01-01
Sweden,18.23,2023-01-01
Sweden,18.23,2023-01-01
Sweden,18.23,2023-01-01
Sweden,18.23,2023-01-01
Slovenia,16.86,2023-01-01
Slovakia,17.98,2023-01-01
Austria,146.86,2023-02-01
Belgium,146.97,2023-02-01
Bulgaria,155.97,2023-02-01
Switzerland,161.87,2023-02-01
Czechia,147.98,2023-02-01
Germany,93.08,2023-02-01
Denmark,92.66,2023-02-01
Denmark,92.48,2023-02-01
Estonia,118.9,2023-02-01
Spain,128.55,2023-02-01
Finland,118.9,2023-02-01
France,150.87,2023-02-01
Greece,165.2,2023-02-01
Croatia,149.29,2023-02-01
Hungary,155.12,2023-02-01
Italy,163.47,2023-02-01
Lithuania,118.9,2023-02-01
Latvia,118.9,2023-02-01
Netherlands,109.22,2023-02-01
Norway,95.3,2023-02-01
Norway,95.3,2023-02-01
Norway,92.06,2023-02-01
Norway,44.44,2023-02-01
Norway,95.3,2023-02-01
Poland,102.64,2023-02-01
Portugal,127.65,2023-02-01
Romania,155.97,2023-02-01
Serbia,158.31,2023-02-01
Sweden,92.06,2023-02-01
Sweden,92.06,2023-02-01
Sweden,92.48,2023-02-01
Sweden,92.48,2023-02-01
Slovenia,147.19,2023-02-01
Slovakia,147.98,2023-02-01
Ukraine,3258.25,2023-02-01
Austria,150.51,2023-03-01
Belgium,144.5,2023-03-01
Bulgaria,153.58,2023-03-01
Switzerland,155.0,2023-03-01
Czechia,147.95,2023-03-01
Germany,142.97,2023-03-01
Denmark,142.2,2023-03-01
Denmark,142.2,2023-03-01
Estonia,125.71,2023-03-01
Spain,145.91,2023-03-01
Finland,81.44,2023-03-01
France,152.81,2023-03-01
Greece,155.03,2023-03-01
Croatia,154.0,2023-03-01
Hungary,153.42,2023-03-01
Italy,166.93,2023-03-01
Lithuania,129.6,2023-03-01
Latvia,125.71,2023-03-01
Netherlands,137.3,2023-03-01
Norway,119.22,2023-03-01
Norway,119.22,2023-03-01
Norway,27.48,2023-03-01
Norway,23.53,2023-03-01
Norway,119.22,2023-03-01
Poland,152.27,2023-03-01
Portugal,145.91,2023-03-01
Romania,153.58,2023-03-01
Serbia,151.14,2023-03-01
Sweden,27.48,2023-03-01
Sweden,27.48,2023-03-01
Sweden,81.44,2023-03-01
Sweden,129.57,2023-03-01
Slovenia,154.26,2023-03-01
Slovakia,152.57,2023-03-01
Ukraine,3257.67,2023-03-01
Austria,64.98,2023-04-01
Belgium,61.8,2023-04-01
Bulgaria,61.09,2023-04-01
Switzerland,88.87,2023-04-01
Czechia,55.57,2023-04-01
Germany,55.77,2023-04-01
Denmark,55.77,2023-04-01
Denmark,42.13,2023-04-01
Estonia,42.13,2023-04-01
Spain,33.99,2023-04-01
Finland,42.13,2023-04-01
France,59.24,2023-04-01
Greece,87.26,2023-04-01
Croatia,59.65,2023-04-01
Hungary,61.1,2023-04-01
Italy,109.57,2023-04-01
Lithuania,42.13,2023-04-01
Latvia,42.13,2023-04-01
Netherlands,75.69,2023-04-01
Norway,86.05,2023-04-01
Norway,86.05,2023-04-01
Norway,56.3,2023-04-01
Norway,35.35,2023-04-01
Norway,86.05,2023-04-01
Poland,122.26,2023-04-01
Portugal,33.99,2023-04-01
Romania,61.09,2023-04-01
Serbia,67.78,2023-04-01
Sweden,42.13,2023-04-01
Sweden,42.13,2023-04-01
Sweden,42.13,2023-04-01
Sweden,42.13,2023-04-01
Slovenia,58.07,2023-04-01
Slovakia,58.44,2023-04-01
Ukraine,3199.12,2023-04-01
Austria,81.44,2023-05-01
Belgium,83.89,2023-05-01
Bulgaria,73.07,2023-05-01
Switzerland,96.1,2023-05-01
Czechia,83.01,2023-05-01
Germany,87.51,2023-05-01
Denmark,87.03,2023-05-01
Denmark,76.06,2023-05-01
Estonia,51.14,2023-05-01
Spain,61.35,2023-05-01
Finland,51.14,2023-05-01
France,79.58,2023-05-01
Greece,117.41,2023-05-01
Croatia,82.15,2023-05-01
Hungary,81.71,2023-05-01
Italy,112.64,2023-05-01
Lithuania,51.14,2023-05-01
Latvia,51.14,2023-05-01
Netherlands,89.94,2023-05-01
Norway,90.53,2023-05-01
Norway,90.53,2023-05-01
Norway,57.59,2023-05-01
Norway,46.42,2023-05-01
Norway,93.79,2023-05-01
Poland,82.49,2023-05-01
Portugal,94.93,2023-05-01
Romania,73.07,2023-05-01
Serbia,79.15,2023-05-01
Sweden,51.14,2023-05-01
Sweden,51.14,2023-05-01
Sweden,51.14,2023-05-01
Sweden,51.14,2023-05-01
Slovenia,82.03,2023-05-01
Slovakia,81.99,2023-05-01
Ukraine,2618.71,2023-05-01
Austria,72.0,2023-06-01
Belgium,72.12,2023-06-01
Bulgaria,76.43,2023-06-01
Switzerland,70.19,2023-06-01
Czechia,74.64,2023-06-01
Germany,72.9,2023-06-01
Denmark,65.84,2023-06-01
Denmark,65.84,2023-06-01
Estonia,75.43,2023-06-01
Spain,85.37,2023-06-01
Finland,5.11,2023-06-01
France,71.3,2023-06-01
Greece,76.43,2023-06-01
Croatia,76.25,2023-06-01
Hungary,76.19,2023-06-01
Italy,96.09,2023-06-01
Lithuania,76.43,2023-06-01
Latvia,76.43,2023-06-01
Netherlands,70.68,2023-06-01
Norway,50.76,2023-06-01
Norway,55.25,2023-06-01
Norway,5.0,2023-06-01
Norway,5.0,2023-06-01
Norway,50.76,2023-06-01
Poland,92.72,2023-06-01
Portugal,85.37,2023-06-01
Romania,76.43,2023-06-01
Serbia,78.8,2023-06-01
Sweden,5.0,2023-06-01
Sweden,5.0,2023-06-01
Sweden,36.88,2023-06-01
Sweden,65.84,2023-06-01
Slovenia,76.2,2023-06-01
Slovakia,76.32,2023-06-01
Ukraine,2934.25,2023-06-01
Austria,62.75,2023-07-01
Belgium,47.37,2023-07-01
Bulgaria,73.86,2023-07-01
Switzerland,61.69,2023-07-01
Czechia,70.95,2023-07-01
Germany,66.41,2023-07-01
Denmark,55.96,2023-07-01
Denmark,52.03,2023-07-01
Estonia,64.25,2023-07-01
Spain,60.34,2023-07-01
Finland,29.7,2023-07-01
France,40.84,2023-07-01
Greece,99.16,2023-07-01
Croatia,71.98,2023-07-01
Hungary,73.79,2023-07-01
Italy,102.63,2023-07-01
Lithuania,64.25,2023-07-01
Latvia,64.25,2023-07-01
Netherlands,57.77,2023-07-01
Norway,48.47,2023-07-01
Norway,55.35,2023-07-01
Norway,17.95,2023-07-01
Norway,17.57,2023-07-01
Norway,48.47,2023-07-01
Poland,121.85,2023-07-01
Portugal,88.59,2023-07-01
Romania,73.86,2023-07-01
Serbia,64.07,2023-07-01
Sweden,29.68,2023-07-01
Sweden,29.68,2023-07-01
Sweden,29.7,2023-07-01
Sweden,34.26,2023-07-01
Slovenia,70.93,2023-07-01
Slovakia,75.08,2023-07-01
Ukraine,2928.67,2023-07-01
Austria,81.66,2023-08-01
Belgium,74.76,2023-08-01
Bulgaria,95.43,2023-08-01
Switzerland,80.04,2023-08-01
Czechia,83.56,2023-08-01
Germany,79.43,2023-08-01
Denmark,77.48,2023-08-01
Denmark,77.48,2023-08-01
Estonia,71.97,2023-08-01
Spain,86.65,2023-08-01
Finland,29.97,2023-08-01
France,76.17,2023-08-01
Greece,103.88,2023-08-01
Croatia,90.5,2023-08-01
Hungary,93.32,2023-08-01
Italy,100.75,2023-08-01
Lithuania,98.77,2023-08-01
Latvia,98.77,2023-08-01
Netherlands,76.57,2023-08-01
Norway,30.79,2023-08-01
Norway,66.04,2023-08-01
Norway,29.13,2023-08-01
Norway,20.06,2023-08-01
Norway,30.79,2023-08-01
Poland,117.71,2023-08-01
Portugal,87.64,2023-08-01
Romania,95.43,2023-08-01
Serbia,91.33,2023-08-01
Sweden,29.97,2023-08-01
Sweden,29.97,2023-08-01
Sweden,29.97,2023-08-01
Sweden,29.97,2023-08-01
Slovenia,89.0,2023-08-01
Slovakia,90.36,2023-08-01
Ukraine,3847.17,2023-08-01
Austria,112.0,2023-09-01
Belgium,104.84,2023-09-01
Bulgaria,127.22,2023-09-01
Switzerland,105.0,2023-09-01
Czechia,105.97,2023-09-01
Germany,108.57,2023-09-01
Denmark,108.4,2023-09-01
Denmark,108.51,2023-09-01
Estonia,123.17,2023-09-01
Spain,105.8,2023-09-01
Finland,106.91,2023-09-01
France,101.09,2023-09-01
Greece,128.88,2023-09-01
Croatia,117.94,2023-09-01
Hungary,126.19,2023-09-01
Italy,118.56,2023-09-01
Lithuania,123.17,2023-09-01
Latvia,123.17,2023-09-01
Netherlands,108.11,2023-09-01
Norway,8.2,2023-09-01
Norway,81.91,2023-09-01
Norway,25.55,2023-09-01
Norway,25.55,2023-09-01
Norway,8.2,2023-09-01
Poland,115.0,2023-09-01
Portugal,105.8,2023-09-01
Romania,127.22,2023-09-01
Serbia,117.18,2023-09-01
Sweden,25.55,2023-09-01
Sweden,25.55,2023-09-01
Sweden,42.98,2023-09-01
Sweden,48.99,2023-09-01
Slovenia,114.9,2023-09-01
Slovakia,113.54,2023-09-01
Ukraine,3274.42,2023-09-01
Austria,81.01,2023-10-01
Belgium,69.99,2023-10-01
Bulgaria,73.58,2023-10-01
Switzerland,74.32,2023-10-01
Czechia,73.93,2023-10-01
Germany,76.32,2023-10-01
Denmark,73.67,2023-10-01
Denmark,73.67,2023-10-01
Estonia,51.5,2023-10-01
Spain,96.0,2023-10-01
Finland,2.74,2023-10-01
France,68.19,2023-10-01
Greece,76.98,2023-10-01
Croatia,73.34,2023-10-01
Hungary,73.65,2023-10-01
Italy,94.26,2023-10-01
Lithuania,51.5,2023-10-01
Latvia,51.5,2023-10-01
Netherlands,73.17,2023-10-01
Norway,-0.69,2023-10-01
Norway,39.24,2023-10-01
Norway,0.8,2023-10-01
Norway,0.8,2023-10-01
Norway,-0.69,2023-10-01
Poland,87.19,2023-10-01
Portugal,98.33,2023-10-01
Romania,73.58,2023-10-01
Serbia,76.1,2023-10-01
Sweden,0.8,2023-10-01
Sweden,0.8,2023-10-01
Sweden,0.8,2023-10-01
Sweden,0.8,2023-10-01
Slovenia,73.15,2023-10-01
Slovakia,73.76,2023-10-01
Ukraine,2917.0,2023-10-01
Austria,64.42,2023-11-01
Belgium,49.47,2023-11-01
Bulgaria,108.15,2023-11-01
Switzerland,68.34,2023-11-01
Czechia,61.5,2023-11-01
Germany,62.89,2023-11-01
Denmark,61.14,2023-11-01
Denmark,57.68,2023-11-01
Estonia,49.03,2023-11-01
Spain,4.53,2023-11-01
Finland,15.07,2023-11-01
France,38.56,2023-11-01
Greece,128.58,2023-11-01
Croatia,68.91,2023-11-01
Hungary,63.77,2023-11-01
Italy,120.39,2023-11-01
Lithuania,49.03,2023-11-01
Latvia,49.03,2023-11-01
Netherlands,60.48,2023-11-01
Norway,63.53,2023-11-01
Norway,63.53,2023-11-01
Norway,26.03,2023-11-01
Norway,18.04,2023-11-01
Norway,63.53,2023-11-01
Poland,65.09,2023-11-01
Portugal,4.53,2023-11-01
Romania,108.15,2023-11-01
Serbia,74.51,2023-11-01
Sweden,15.83,2023-11-01
Sweden,15.83,2023-11-01
Sweden,44.37,2023-11-01
Sweden,44.62,2023-11-01
Slovenia,63.86,2023-11-01
Slovakia,58.27,2023-11-01
Ukraine,4528.88,2023-11-01
Austria,161.0,2023-12-01
Belgium,156.0,2023-12-01
Bulgaria,90.47,2023-12-01
Switzerland,159.75,2023-12-01
Czechia,156.8,2023-12-01
Germany,156.4,2023-12-01
Denmark,156.38,2023-12-01
Denmark,163.66,2023-12-01
Estonia,158.16,2023-12-01
Spain,97.97,2023-12-01
Finland,109.79,2023-12-01
France,155.67,2023-12-01
Greece,90.47,2023-12-01
Croatia,142.87,2023-12-01
Hungary,160.32,2023-12-01
Italy,134.45,2023-12-01
Lithuania,158.16,2023-12-01
Latvia,158.16,2023-12-01
Netherlands,156.2,2023-12-01
Norway,152.31,2023-12-01
Norway,152.31,2023-12-01
Norway,77.75,2023-12-01
Norway,77.75,2023-12-01
Norway,152.31,2023-12-01
Poland,144.54,2023-12-01
Portugal,97.29,2023-12-01
Romania,90.47,2023-12-01
Serbia,86.88,2023-12-01
Sweden,77.75,2023-12-01
Sweden,77.75,2023-12-01
Sweden,146.74,2023-12-01
Sweden,157.95,2023-12-01
Slovenia,151.13,2023-12-01
Slovakia,159.54,2023-12-01
Ukraine,3653.17,2023-12-01
Austria,12.04,2024-01-01
Belgium,15.09,2024-01-01
Bulgaria,19.76,2024-01-01
Switzerland,21.09,2024-01-01
Czechia,17.84,2024-01-01
Germany,0.0,2024-01-01
Denmark,32.94,2024-01-01
Denmark,38.74,2024-01-01
Estonia,45.25,2024-01-01
Spain,36.24,2024-01-01
Finland,45.25,2024-01-01
France,13.14,2024-01-01
Greece,76.95,2024-01-01
Croatia,18.6,2024-01-01
Hungary,18.93,2024-01-01
Italy,105.71,2024-01-01
Lithuania,44.65,2024-01-01
Latvia,44.65,2024-01-01
Netherlands,18.95,2024-01-01
Norway,46.63,2024-01-01
Norway,46.63,2024-01-01
Norway,39.42,2024-01-01
Norway,32.31,2024-01-01
Norway,55.96,2024-01-01
Poland,77.46,2024-01-01
Portugal,37.76,2024-01-01
Romania,16.22,2024-01-01
Serbia,22.68,2024-01-01
Sweden,39.42,2024-01-01
Sweden,39.42,2024-01-01
Sweden,39.42,2024-01-01
Sweden,39.42,2024-01-01
Slovenia,18.06,2024-01-01
Slovakia,19.4,2024-01-01
Ukraine,279.0,2024-01-01
Austria,80.31,2024-02-01
Belgium,74.69,2024-02-01
Bulgaria,97.08,2024-02-01
Switzerland,83.71,2024-02-01
Czechia,88.03,2024-02-01
Germany,72.04,2024-02-01
Denmark,50.68,2024-02-01
Denmark,20.11,2024-02-01
Estonia,57.76,2024-02-01
Spain,70.95,2024-02-01
Finland,0.94,2024-02-01
France,75.15,2024-02-01
Greece,93.71,2024-02-01
Croatia,89.75,2024-02-01
Hungary,93.43,2024-02-01
Italy,99.73,2024-02-01
Lithuania,57.76,2024-02-01
Latvia,57.76,2024-02-01
Netherlands,75.38,2024-02-01
Norway,51.75,2024-02-01
Norway,51.75,2024-02-01
Norway,18.38,2024-02-01
Norway,18.38,2024-02-01
Norway,51.75,2024-02-01
Poland,68.38,2024-02-01
Portugal,70.95,2024-02-01
Romania,97.08,2024-02-01
Serbia,94.22,2024-02-01
Sweden,5.18,2024-02-01
Sweden,5.18,2024-02-01
Sweden,7.16,2024-02-01
Sweden,7.16,2024-02-01
Slovenia,87.63,2024-02-01
Slovakia,95.18,2024-02-01
Ukraine,2938.5,2024-02-01
Austria,68.22,2024-03-01
Belgium,70.92,2024-03-01
Bulgaria,70.82,2024-03-01
Switzerland,72.86,2024-03-01
Czechia,70.71,2024-03-01
Germany,71.01,2024-03-01
Denmark,64.4,2024-03-01
Denmark,60.07,2024-03-01
Estonia,52.47,2024-03-01
Spain,2.14,2024-03-01
Finland,21.82,2024-03-01
France,67.21,2024-03-01
Greece,72.86,2024-03-01
Croatia,70.69,2024-03-01
Hungary,70.84,2024-03-01
Italy,94.7,2024-03-01
Lithuania,52.47,2024-03-01
Latvia,52.47,2024-03-01
Netherlands,69.68,2024-03-01
Norway,57.11,2024-03-01
Norway,57.11,2024-03-01
Norway,30.54,2024-03-01
Norway,25.96,2024-03-01
Norway,57.11,2024-03-01
Poland,71.86,2024-03-01
Portugal,2.14,2024-03-01
Romania,70.82,2024-03-01
Serbia,73.09,2024-03-01
Sweden,24.04,2024-03-01
Sweden,25.34,2024-03-01
Sweden,31.18,2024-03-01
Sweden,37.28,2024-03-01
Slovenia,70.68,2024-03-01
Slovakia,70.94,2024-03-01
Ukraine,1329.08,2024-03-01
Austria,14.05,2024-04-01
Belgium,28.1,2024-04-01
Bulgaria,32.07,2024-04-01
Switzerland,31.0,2024-04-01
Czechia,32.16,2024-04-01
Germany,32.37,2024-04-01
Denmark,47.86,2024-04-01
Denmark,37.49,2024-04-01
Estonia,32.27,2024-04-01
Spain,2.76,2024-04-01
Finland,27.69,2024-04-01
France,17.41,2024-04-01
Greece,38.53,2024-04-01
Croatia,28.39,2024-04-01
Hungary,28.8,2024-04-01
Italy,65.77,2024-04-01
Lithuania,32.27,2024-04-01
Latvia,32.27,2024-04-01
Netherlands,42.8,2024-04-01
Norway,48.9,2024-04-01
Norway,48.9,2024-04-01
Norway,47.43,2024-04-01
Norway,34.2,2024-04-01
Norway,50.76,2024-04-01
Poland,56.03,2024-04-01
Portugal,2.76,2024-04-01
Romania,32.43,2024-04-01
Serbia,29.82,2024-04-01
Sweden,27.69,2024-04-01
Sweden,27.69,2024-04-01
Sweden,27.69,2024-04-01
Sweden,28.6,2024-04-01
Slovenia,27.45,2024-04-01
Slovakia,29.5,2024-04-01
Ukraine,2921.96,2024-04-01
Austria,6.27,2024-05-01
Belgium,8.97,2024-05-01
Bulgaria,37.3,2024-05-01
Switzerland,30.81,2024-05-01
Czechia,6.12,2024-05-01
Germany,0.0,2024-05-01
Denmark,22.9,2024-05-01
Denmark,19.92,2024-05-01
Estonia,21.46,2024-05-01
Spain,12.53,2024-05-01
Finland,33.62,2024-05-01
France,13.94,2024-05-01
Greece,35.31,2024-05-01
Croatia,12.63,2024-05-01
Hungary,18.05,2024-05-01
Italy,89.17,2024-05-01
Lithuania,21.46,2024-05-01
Latvia,21.46,2024-05-01
Netherlands,26.01,2024-05-01
Norway,23.88,2024-05-01
Norway,23.88,2024-05-01
Norway,27.8,2024-05-01
Norway,27.8,2024-05-01
Norway,33.96,2024-05-01
Poland,36.45,2024-05-01
Portugal,12.64,2024-05-01
Romania,20.5,2024-05-01
Serbia,26.05,2024-05-01
Sweden,21.39,2024-05-01
Sweden,21.39,2024-05-01
Sweden,21.39,2024-05-01
Sweden,19.92,2024-05-01
Slovenia,12.18,2024-05-01
Slovakia,10.98,2024-05-01
Ukraine,3572.54,2024-05-01
Austria,59.8,2024-06-01
Belgium,36.43,2024-06-01
Bulgaria,68.78,2024-06-01
Switzerland,49.92,2024-06-01
Czechia,60.56,2024-06-01
Germany,58.95,2024-06-01
Denmark,54.53,2024-06-01
Denmark,57.44,2024-06-01
Estonia,74.97,2024-06-01
Spain,1.76,2024-06-01
Finland,20.9,2024-06-01
France,3.59,2024-06-01
Greece,70.0,2024-06-01
Croatia,63.83,2024-06-01
Hungary,69.7,2024-06-01
Italy,88.35,2024-06-01
Lithuania,74.97,2024-06-01
Latvia,74.97,2024-06-01
Netherlands,47.82,2024-06-01
Norway,29.6,2024-06-01
Norway,42.73,2024-06-01
Norway,16.57,2024-06-01
Norway,16.57,2024-06-01
Norway,29.6,2024-06-01
Poland,94.1,2024-06-01
Portugal,1.77,2024-06-01
Romania,68.78,2024-06-01
Serbia,70.01,2024-06-01
Sweden,16.02,2024-06-01
Sweden,16.02,2024-06-01
Sweden,16.02,2024-06-01
Sweden,57.18,2024-06-01
Slovenia,61.81,2024-06-01
Slovakia,66.47,2024-06-01
Ukraine,4319.58,2024-06-01
Austria,78.24,2024-07-01
Belgium,68.82,2024-07-01
Bulgaria,148.93,2024-07-01
Switzerland,46.93,2024-07-01
Czechia,104.7,2024-07-01
Germany,87.91,2024-07-01
Denmark,84.84,2024-07-01
Denmark,88.73,2024-07-01
Estonia,139.29,2024-07-01
Spain,53.22,2024-07-01
Finland,32.35,2024-07-01
France,52.5,2024-07-01
Greece,148.7,2024-07-01
Croatia,128.57,2024-07-01
Hungary,145.04,2024-07-01
Italy,115.67,2024-07-01
Lithuania,139.29,2024-07-01
Latvia,139.29,2024-07-01
Netherlands,88.83,2024-07-01
Norway,35.38,2024-07-01
Norway,45.02,2024-07-01
Norway,32.35,2024-07-01
Norway,32.35,2024-07-01
Norway,35.38,2024-07-01
Poland,159.33,2024-07-01
Portugal,60.99,2024-07-01
Romania,148.93,2024-07-01
Serbia,124.85,2024-07-01
Sweden,32.35,2024-07-01
Sweden,32.35,2024-07-01
Sweden,32.49,2024-07-01
Sweden,87.75,2024-07-01
Slovenia,125.18,2024-07-01
Slovakia,131.64,2024-07-01
Ukraine,6420.62,2024-07-01
Austria,87.11,2024-08-01
Belgium,86.57,2024-08-01
Bulgaria,125.07,2024-08-01
Switzerland,42.17,2024-08-01
Czechia,97.29,2024-08-01
Germany,94.87,2024-08-01
Denmark,92.83,2024-08-01
Denmark,93.84,2024-08-01
Estonia,106.47,2024-08-01
Spain,107.32,2024-08-01
Finland,25.6,2024-08-01
France,79.4,2024-08-01
Greece,128.82,2024-08-01
Croatia,113.16,2024-08-01
Hungary,117.61,2024-08-01
Italy,127.65,2024-08-01
Lithuania,106.47,2024-08-01
Latvia,106.47,2024-08-01
Netherlands,92.56,2024-08-01
Norway,24.26,2024-08-01
Norway,57.62,2024-08-01
Norway,22.17,2024-08-01
Norway,22.17,2024-08-01
Norway,24.26,2024-08-01
Poland,96.8,2024-08-01
Portugal,107.32,2024-08-01
Romania,125.07,2024-08-01
Serbia,115.71,2024-08-01
Sweden,6.66,2024-08-01
Sweden,6.66,2024-08-01
Sweden,6.66,2024-08-01
Sweden,55.13,2024-08-01
Slovenia,111.27,2024-08-01
Slovakia,97.43,2024-08-01
Ukraine,5047.67,2024-08-01
Austria,64.91,2024-09-01
Belgium,56.24,2024-09-01
Bulgaria,97.62,2024-09-01
Switzerland,67.71,2024-09-01
Czechia,69.76,2024-09-01
Germany,63.9,2024-09-01
Denmark,62.88,2024-09-01
Denmark,63.26,2024-09-01
Estonia,82.8,2024-09-01
Spain,99.64,2024-09-01
Finland,8.53,2024-09-01
France,61.54,2024-09-01
Greece,104.9,2024-09-01
Croatia,86.64,2024-09-01
Hungary,92.35,2024-09-01
Italy,123.2,2024-09-01
Lithuania,82.8,2024-09-01
Latvia,82.8,2024-09-01
Netherlands,58.85,2024-09-01
Norway,19.99,2024-09-01
Norway,39.47,2024-09-01
Norway,14.84,2024-09-01
Norway,14.84,2024-09-01
Norway,10.69,2024-09-01
Poland,74.36,2024-09-01
Portugal,99.64,2024-09-01
Romania,97.62,2024-09-01
Serbia,75.94,2024-09-01
Sweden,3.55,2024-09-01
Sweden,3.55,2024-09-01
Sweden,9.28,2024-09-01
Sweden,39.61,2024-09-01
Slovenia,83.95,2024-09-01
Slovakia,80.52,2024-09-01
Ukraine,3975.54,2024-09-01
Austria,68.31,2024-10-01
Belgium,64.81,2024-10-01
Bulgaria,49.97,2024-10-01
Switzerland,89.1,2024-10-01
Czechia,74.17,2024-10-01
Germany,67.83,2024-10-01
Denmark,32.15,2024-10-01
Denmark,30.67,2024-10-01
Estonia,89.23,2024-10-01
Spain,97.9,2024-10-01
Finland,59.21,2024-10-01
France,62.57,2024-10-01
Greece,81.86,2024-10-01
Croatia,73.07,2024-10-01
Hungary,79.56,2024-10-01
Italy,124.88,2024-10-01
Lithuania,89.23,2024-10-01
Latvia,89.23,2024-10-01
Netherlands,67.4,2024-10-01
Norway,32.73,2024-10-01
Norway,32.9,2024-10-01
Norway,32.62,2024-10-01
Norway,16.31,2024-10-01
Norway,34.2,2024-10-01
Poland,113.86,2024-10-01
Portugal,98.07,2024-10-01
Romania,49.97,2024-10-01
Serbia,74.64,2024-10-01
Sweden,13.19,2024-10-01
Sweden,29.23,2024-10-01
Sweden,29.23,2024-10-01
Sweden,29.23,2024-10-01
Slovenia,75.08,2024-10-01
Slovakia,80.52,2024-10-01
Ukraine,4715.42,2024-10-01
Austria,70.57,2024-11-01
Belgium,90.3,2024-11-01
Bulgaria,149.99,2024-11-01
Switzerland,0.0,2024-11-01
Czechia,93.9,2024-11-01
Germany,75.06,2024-11-01
Denmark,7.42,2024-11-01
Denmark,7.42,2024-11-01
Estonia,5.99,2024-11-01
Spain,81.61,2024-11-01
Finland,5.09,2024-11-01
France,80.75,2024-11-01
Greece,104.39,2024-11-01
Croatia,97.59,2024-11-01
Hungary,96.63,2024-11-01
Italy,106.71,2024-11-01
Lithuania,5.86,2024-11-01
Latvia,5.99,2024-11-01
Netherlands,107.28,2024-11-01
Norway,3.31,2024-11-01
Norway,7.29,2024-11-01
Norway,1.97,2024-11-01
Norway,1.88,2024-11-01
Norway,0.68,2024-11-01
Poland,38.3,2024-11-01
Portugal,81.61,2024-11-01
Romania,149.99,2024-11-01
Serbia,95.17,2024-11-01
Sweden,1.93,2024-11-01
Sweden,1.66,2024-11-01
Sweden,2.82,2024-11-01
Sweden,3.1,2024-11-01
Slovenia,95.45,2024-11-01
Slovakia,102.54,2024-11-01
Ukraine,5346.98,2024-11-01
Austria,114.92,2024-12-01
Belgium,94.15,2024-12-01
Bulgaria,103.45,2024-12-01
Switzerland,105.18,2024-12-01
Czechia,104.52,2024-12-01
Germany,94.59,2024-12-01
Denmark,85.71,2024-12-01
Denmark,85.69,2024-12-01
Estonia,38.59,2024-12-01
Spain,127.41,2024-12-01
Finland,6.91,2024-12-01
France,91.53,2024-12-01
Greece,103.45,2024-12-01
Croatia,101.96,2024-12-01
Hungary,103.61,2024-12-01
Italy,115.32,2024-12-01
Lithuania,40.72,2024-12-01
Latvia,40.72,2024-12-01
Netherlands,94.35,2024-12-01
Norway,37.68,2024-12-01
Norway,39.06,2024-12-01
Norway,15.83,2024-12-01
Norway,7.67,2024-12-01
Norway,35.58,2024-12-01
Poland,107.95,2024-12-01
Portugal,127.41,2024-12-01
Romania,103.45,2024-12-01
Serbia,108.91,2024-12-01
Sweden,5.71,2024-12-01
Sweden,2.89,2024-12-01
Sweden,19.34,2024-12-01
Sweden,26.0,2024-12-01
Slovenia,101.32,2024-12-01
Slovakia,103.33,2024-12-01
Ukraine,6642.46,2024-12-01
Austria,73.35,2025-01-01
Belgium,22.14,2025-01-01
Bulgaria,88.03,2025-01-01
Switzerland,85.65,2025-01-01
Czechia,62.5,2025-01-01
Germany,1.09,2025-01-01
Denmark,6.1,2025-01-01
Denmark,6.47,2025-01-01
Estonia,58.59,2025-01-01
Spain,100.43,2025-01-01
Finland,58.59,2025-01-01
France,0.0,2025-01-01
Greece,0.0,2025-01-01
Croatia,89.91,2025-01-01
Hungary,85.22,2025-01-01
Italy,138.7,2025-01-01
Lithuania,6.48,2025-01-01
Latvia,58.59,2025-01-01
Netherlands,33.12,2025-01-01
Norway,23.35,2025-01-01
Norway,21.1,2025-01-01
Norway,12.72,2025-01-01
Norway,7.5,2025-01-01
Norway,24.58,2025-01-01
Poland,1.53,2025-01-01
Portugal,103.25,2025-01-01
Romania,88.03,2025-01-01
Serbia,109.01,2025-01-01
Sweden,7.21,2025-01-01
Sweden,7.26,2025-01-01
Sweden,6.58,2025-01-01
Sweden,6.53,2025-01-01
Slovenia,88.35,2025-01-01
Slovakia,74.14,2025-01-01
Ukraine,3061.57,2025-01-01
Austria,133.25,2025-02-01
Belgium,133.42,2025-02-01
Bulgaria,126.47,2025-02-01
Switzerland,140.95,2025-02-01
Czechia,135.76,2025-02-01
Germany,0.0,2025-02-01
Denmark,132.44,2025-02-01
Denmark,133.7,2025-02-01
Estonia,111.46,2025-02-01
Spain,95.26,2025-02-01
Finland,10.1,2025-02-01
France,130.28,2025-02-01
Greece,126.05,2025-02-01
Croatia,135.67,2025-02-01
Hungary,135.67,2025-02-01
Italy,146.6,2025-02-01
Lithuania,111.46,2025-02-01
Latvia,111.46,2025-02-01
Netherlands,134.61,2025-02-01
Norway,90.22,2025-02-01
Norway,94.52,2025-02-01
Norway,11.96,2025-02-01
Norway,7.41,2025-02-01
Norway,74.02,2025-02-01
Poland,136.35,2025-02-01
Portugal,95.26,2025-02-01
Romania,135.64,2025-02-01
Serbia,131.22,2025-02-01
Sweden,4.66,2025-02-01
Sweden,4.1,2025-02-01
Sweden,55.34,2025-02-01
Sweden,99.14,2025-02-01
Slovenia,135.68,2025-02-01
Slovakia,135.71,2025-02-01
Ukraine,5051.19,2025-02-01
Austria,120.61,2025-03-01
Belgium,116.02,2025-03-01
Bulgaria,141.37,2025-03-01
Switzerland,127.47,2025-03-01
Czechia,122.77,2025-03-01
Germany,123.65,2025-03-01
Denmark,120.58,2025-03-01
Denmark,122.64,2025-03-01
Estonia,134.03,2025-03-01
Spain,65.83,2025-03-01
Finland,78.48,2025-03-01
France,97.34,2025-03-01
Greece,141.37,2025-03-01
Croatia,134.2,2025-03-01
Hungary,143.22,2025-03-01
Italy,128.95,2025-03-01
Lithuania,134.03,2025-03-01
Latvia,134.03,2025-03-01
Netherlands,119.26,2025-03-01
Norway,42.18,2025-03-01
Norway,44.01,2025-03-01
Norway,8.08,2025-03-01
Norway,2.58,2025-03-01
Norway,39.07,2025-03-01
Poland,126.81,2025-03-01
Portugal,65.83,2025-03-01
Romania,141.37,2025-03-01
Serbia,141.94,2025-03-01
Sweden,6.27,2025-03-01
Sweden,8.38,2025-03-01
Sweden,35.16,2025-03-01
Sweden,39.63,2025-03-01
Slovenia,131.03,2025-03-01
Slovakia,119.5,2025-03-01
Ukraine,5687.45,2025-03-01
Austria,107.92,2025-04-01
Belgium,79.6,2025-04-01
Bulgaria,104.26,2025-04-01
Switzerland,116.93,2025-04-01
Czechia,98.44,2025-04-01
Germany,94.22,2025-04-01
Denmark,94.22,2025-04-01
Denmark,94.22,2025-04-01
Estonia,163.43,2025-04-01
Spain,63.93,2025-04-01
Finland,21.95,2025-04-01
France,60.06,2025-04-01
Greece,111.57,2025-04-01
Croatia,104.06,2025-04-01
Hungary,103.45,2025-04-01
Italy,116.22,2025-04-01
Lithuania,185.53,2025-04-01
Latvia,185.53,2025-04-01
Netherlands,82.19,2025-04-01
Norway,67.07,2025-04-01
Norway,70.8,2025-04-01
Norway,22.47,2025-04-01
Norway,1.04,2025-04-01
Norway,55.94,2025-04-01
Poland,115.69,2025-04-01
Portugal,62.93,2025-04-01
Romania,104.26,2025-04-01
Serbia,110.73,2025-04-01
Sweden,3.74,2025-04-01
Sweden,3.32,2025-04-01
Sweden,42.08,2025-04-01
Sweden,84.11,2025-04-01
Slovenia,104.47,2025-04-01
Slovakia,102.08,2025-04-01
Ukraine,4577.27,2025-04-01
Austria,41.81,2025-05-01
Belgium,43.71,2025-05-01
Bulgaria,37.22,2025-05-01
Switzerland,40.52,2025-05-01
Czechia,44.99,2025-05-01
Germany,47.87,2025-05-01
Denmark,60.74,2025-05-01
Denmark,60.97,2025-05-01
Estonia,81.1,2025-05-01
Spain,14.21,2025-05-01
Finland,13.37,2025-05-01
France,5.9,2025-05-01
Greece,47.89,2025-05-01
Croatia,45.25,2025-05-01
Hungary,44.91,2025-05-01
Italy,68.07,2025-05-01
Lithuania,80.28,2025-05-01
Latvia,81.1,2025-05-01
Netherlands,44.68,2025-05-01
Norway,51.49,2025-05-01
Norway,55.82,2025-05-01
Norway,4.3,2025-05-01
Norway,1.85,2025-05-01
Norway,32.47,2025-05-01
Poland,52.34,2025-05-01
Portugal,19.45,2025-05-01
Romania,46.83,2025-05-01
Serbia,84.32,2025-05-01
Sweden,4.33,2025-05-01
Sweden,4.36,2025-05-01
Sweden,25.11,2025-05-01
Sweden,45.96,2025-05-01
Slovenia,45.07,2025-05-01
Slovakia,44.97,2025-05-01
Ukraine,5853.7,2025-05-01
Austria,46.86,2025-06-01
Belgium,37.76,2025-06-01
Bulgaria,50.54,2025-06-01
Switzerland,39.55,2025-06-01
Czechia,38.94,2025-06-01
Germany,49.55,2025-06-01
Denmark,36.13,2025-06-01
Denmark,34.66,2025-06-01
Estonia,32.58,2025-06-01
Spain,20.61,2025-06-01
Finland,0.58,2025-06-01
France,15.52,2025-06-01
Greece,74.72,2025-06-01
Croatia,44.04,2025-06-01
Hungary,64.25,2025-06-01
Italy,92.29,2025-06-01
Lithuania,32.69,2025-06-01
Latvia,32.58,2025-06-01
Netherlands,40.32,2025-06-01
Norway,35.77,2025-06-01
Norway,37.23,2025-06-01
Norway,5.12,2025-06-01
Norway,0.81,2025-06-01
Norway,32.5,2025-06-01
Poland,71.5,2025-06-01
Portugal,25.0,2025-06-01
Romania,50.29,2025-06-01
Serbia,72.24,2025-06-01
Sweden,0.62,2025-06-01
Sweden,0.32,2025-06-01
Sweden,16.42,2025-06-01
Sweden,32.57,2025-06-01
Slovenia,41.84,2025-06-01
Slovakia,44.15,2025-06-01
Ukraine,4771.95,2025-06-01
