Unnamed: 0,Date,Close,High,Low,Open,Volume
1389,2025-07-14,549.0,551.5,540.0,543.0,10602
1388,2025-07-11,540.75,548.5,540.75,548.5,40
1387,2025-07-10,550.25,550.5,542.75,542.75,40
1386,2025-07-09,542.75,545.0,542.75,545.0,41
1385,2025-07-08,543.0,547.0,543.0,547.0,4
1384,2025-07-07,539.75,541.75,538.0,538.5,53
1383,2025-07-03,547.75,558.0,547.75,558.0,0
1382,2025-07-02,556.0,556.0,544.75,546.0,62
1381,2025-07-01,537.25,540.75,526.5,527.0,453
1380,2025-06-30,528.75,531.75,523.5,530.0,1972
1379,2025-06-27,524.75,529.5,520.5,521.0,12677
1378,2025-06-26,521.0,531.5,520.5,528.25,24542
1377,2025-06-25,528.25,537.0,526.5,535.0,18240
1376,2025-06-24,535.75,553.0,535.0,552.0,36906
1375,2025-06-23,552.75,570.0,549.5,567.0,44221
1374,2025-06-20,567.75,578.25,565.5,573.0,49117
1373,2025-06-18,574.25,575.0,547.0,549.0,0
1372,2025-06-17,549.0,552.25,536.25,536.25,71241
1371,2025-06-16,536.5,546.75,531.75,545.0,77417
1370,2025-06-13,543.75,544.75,522.25,526.75,102188
1369,2025-06-12,526.5,537.0,526.0,534.25,93654
1368,2025-06-11,534.25,539.25,532.0,535.0,72453
1367,2025-06-10,534.5,542.0,530.75,540.0,90158
1366,2025-06-09,542.0,557.75,540.0,556.0,102603
1365,2025-06-06,554.75,555.75,540.25,545.25,97197
1364,2025-06-05,545.5,549.25,540.5,543.5,0
1363,2025-06-04,543.25,547.5,533.5,535.5,73113
1362,2025-06-03,536.0,545.5,531.75,538.0,80640
1361,2025-06-02,539.0,549.5,533.25,534.0,82568
1360,2025-05-30,534.0,538.5,531.25,534.25,49023
1359,2025-05-29,534.0,534.75,527.25,533.0,48247
1358,2025-05-28,530.25,535.75,526.75,531.0,60152
1357,2025-05-27,528.5,544.0,527.5,543.5,66898
1356,2025-05-23,542.5,548.5,538.5,545.0,61665
1355,2025-05-22,544.5,552.0,541.25,548.25,85214
1354,2025-05-21,549.25,556.25,545.0,546.0,85813
1353,2025-05-20,546.0,547.5,528.75,530.0,86585
1352,2025-05-19,529.0,536.0,524.5,527.0,64286
1351,2025-05-16,525.0,533.5,523.5,533.5,49356
1350,2025-05-15,532.75,533.25,521.75,524.5,69748
1349,2025-05-14,508.75,508.75,508.75,508.75,62950
1348,2025-05-13,501.5,501.5,501.5,501.5,19
1347,2025-05-12,499.0,499.0,499.0,499.0,16
1346,2025-05-09,505.5,505.5,505.5,505.5,6
1345,2025-05-08,513.0,513.0,511.0,511.25,10
1344,2025-05-07,518.0,518.5,517.0,517.0,82
1343,2025-05-06,519.0,520.5,519.0,520.5,19
1342,2025-05-05,514.25,525.25,514.25,525.25,4
1341,2025-05-02,526.5,530.75,520.75,520.75,103
1340,2025-05-01,515.25,523.5,515.0,518.75,706
1339,2025-04-30,513.0,520.0,505.0,507.25,1204
1338,2025-04-29,505.75,521.0,505.0,518.0,20109
1337,2025-04-28,515.5,529.0,511.5,529.0,32411
1336,2025-04-25,530.0,534.75,527.5,529.5,30800
1335,2025-04-24,529.25,530.5,524.25,528.75,25897
1334,2025-04-23,528.25,537.5,527.75,535.75,29029
1333,2025-04-22,535.5,540.75,531.5,540.0,31592
1332,2025-04-21,538.5,552.75,537.25,549.25,24733
1331,2025-04-17,548.75,555.75,548.0,548.25,40697
1330,2025-04-16,547.75,550.5,537.0,542.75,59640
1329,2025-04-15,542.0,551.0,540.25,547.5,65960
1328,2025-04-14,547.5,555.25,542.75,553.0,78608
1327,2025-04-11,555.75,556.75,536.5,537.5,123039
1326,2025-04-10,538.0,547.5,534.5,543.75,112107
1325,2025-04-09,542.25,546.0,536.5,539.75,85229
1324,2025-04-08,540.0,545.75,533.75,537.5,92716
1323,2025-04-07,536.5,546.5,525.75,530.75,96849
1322,2025-04-04,529.0,539.5,520.5,536.75,82626
1321,2025-04-03,536.0,542.0,525.25,526.75,80918
1320,2025-04-02,539.25,543.0,532.5,541.75,58991
1319,2025-04-01,540.5,544.0,533.25,539.0,62409
1318,2025-03-31,537.0,539.25,523.5,529.5,83018
1317,2025-03-28,528.25,533.0,517.5,531.75,81818
1316,2025-03-27,532.0,537.25,526.5,536.25,73561
1315,2025-03-26,535.25,545.75,535.0,544.0,57623
1314,2025-03-25,543.25,549.5,541.0,548.0,57054
1313,2025-03-24,548.25,563.0,545.25,561.25,53647
1312,2025-03-21,558.25,563.0,553.25,557.75,47008
1311,2025-03-20,557.25,568.0,552.25,565.25,62329
1310,2025-03-19,563.5,568.5,558.0,564.25,62175
1309,2025-03-18,565.0,574.75,563.5,568.75,64451
1308,2025-03-17,568.5,575.25,559.0,559.0,78721
1307,2025-03-14,545.75,545.75,545.75,545.75,60916
1306,2025-03-13,547.25,551.25,547.25,549.0,15
1305,2025-03-12,538.75,538.75,534.0,534.0,3
1304,2025-03-11,541.0,544.0,541.0,543.75,16
1303,2025-03-10,545.25,548.25,545.0,548.25,12
1302,2025-03-07,533.75,533.75,533.75,533.75,13
1301,2025-03-06,537.0,537.0,537.0,537.0,8
1300,2025-03-05,530.75,534.5,530.0,534.5,2
1299,2025-03-04,518.5,518.75,515.5,516.0,30
1298,2025-03-03,532.0,545.75,532.0,545.5,77
1297,2025-02-28,537.0,554.5,537.0,547.25,551
1296,2025-02-27,546.75,566.5,544.0,566.0,9609
1295,2025-02-26,566.0,577.25,563.75,574.25,23733
1294,2025-02-25,572.75,581.0,564.5,578.75,30844
1293,2025-02-24,579.0,589.5,574.75,589.5,27710
1292,2025-02-21,590.0,593.0,585.25,585.5,40506
1291,2025-02-20,585.5,595.5,583.5,592.0,37056
1290,2025-02-19,592.0,608.25,588.5,605.0,64134
1289,2025-02-18,604.75,609.0,593.25,598.25,93045
1288,2025-02-14,600.0,602.75,577.25,577.25,103503
1287,2025-02-13,577.75,581.0,571.5,574.0,91309
1286,2025-02-12,574.25,584.5,572.75,576.25,113048
1285,2025-02-11,577.0,588.0,575.75,579.0,110234
1284,2025-02-10,579.5,586.0,576.25,581.25,105426
1283,2025-02-07,582.75,592.5,579.75,587.75,106334
1282,2025-02-06,587.75,588.75,566.5,572.25,109406
1281,2025-02-05,572.25,584.25,569.5,577.25,108673
1280,2025-02-04,577.0,579.0,558.0,566.5,89542
1279,2025-02-03,566.75,573.75,550.5,555.0,90750
1278,2025-01-31,559.5,569.0,551.75,569.0,87916
1277,2025-01-30,566.5,569.75,559.0,560.75,96799
1276,2025-01-29,562.5,564.75,544.5,544.5,90600
1275,2025-01-28,545.25,548.5,533.5,535.75,77116
1274,2025-01-27,535.5,543.0,532.0,543.0,68354
1273,2025-01-24,544.0,552.25,541.25,550.0,81676
1272,2025-01-23,554.0,559.0,548.0,554.0,64143
1271,2025-01-22,554.0,566.75,551.5,558.5,91512
1270,2025-01-21,558.75,561.75,542.0,542.0,112879
1269,2025-01-17,538.75,542.0,533.25,537.5,50291
1268,2025-01-16,537.5,547.0,536.75,547.0,52990
1267,2025-01-15,547.0,551.5,542.0,546.75,56045
1266,2025-01-14,546.25,552.25,542.75,546.25,70102
1265,2025-01-13,545.0,545.75,528.5,530.5,84277
1264,2025-01-10,530.75,541.25,526.0,533.0,104604
1263,2025-01-09,534.0,539.25,529.25,535.5,45711
1262,2025-01-08,536.25,544.75,534.5,542.75,58097
1261,2025-01-07,542.5,544.25,535.25,540.5,46902
1260,2025-01-06,540.5,543.75,530.25,530.25,64942
1259,2025-01-03,529.25,547.0,527.5,545.5,87535
1258,2025-01-02,545.75,552.75,542.5,551.75,44332
1257,2024-12-31,551.5,552.75,546.75,548.75,33827
1256,2024-12-30,548.25,554.75,544.5,547.25,46874
1255,2024-12-27,546.5,547.75,537.25,542.0,43052
1254,2024-12-26,541.0,544.0,533.75,534.75,28461
1253,2024-12-24,534.75,541.5,533.5,539.5,25215
1252,2024-12-23,540.5,544.0,533.0,533.0,57507
1251,2024-12-20,533.0,537.25,529.25,532.5,55084
1250,2024-12-19,533.0,541.75,530.5,541.0,87290
1249,2024-12-18,541.25,554.25,540.0,545.0,63252
1248,2024-12-17,545.0,552.5,542.5,550.75,72661
1247,2024-12-16,550.0,559.25,548.5,552.25,68005
1246,2024-12-13,526.5,526.5,526.5,526.5,49134
1245,2024-12-12,538.75,538.75,533.25,535.0,24
1244,2024-12-11,543.5,552.5,543.5,544.0,56
1243,2024-12-10,542.0,545.0,542.0,545.0,2
1242,2024-12-09,541.25,541.25,541.25,541.25,10
1241,2024-12-06,542.5,546.0,542.5,544.75,27
1240,2024-12-05,546.75,546.75,535.5,537.5,22
1239,2024-12-04,538.0,541.0,535.75,537.25,43
1238,2024-12-03,536.75,544.75,536.75,539.0,47
1237,2024-12-02,537.5,539.5,531.25,536.25,63
1236,2024-11-29,532.25,545.25,531.75,535.0,1246
1235,2024-11-27,537.75,542.75,531.0,538.25,18864
1234,2024-11-26,539.5,543.5,532.75,535.75,34123
1233,2024-11-25,535.75,547.5,529.5,544.75,30009
1232,2024-11-22,544.25,550.5,542.5,548.0,36559
1231,2024-11-21,548.75,557.5,547.75,552.5,34966
1230,2024-11-20,552.5,555.25,543.5,549.5,41277
1229,2024-11-19,549.75,558.75,545.5,547.75,57490
1228,2024-11-18,547.25,551.0,536.75,541.0,68144
1227,2024-11-15,536.5,541.25,530.5,532.0,73593
1226,2024-11-14,530.25,544.25,528.0,540.0,89913
1225,2024-11-13,541.0,553.75,536.25,553.25,113238
1224,2024-11-12,552.25,568.75,549.0,564.75,105727
1223,2024-11-11,565.5,572.75,551.75,572.75,125709
1222,2024-11-08,572.5,578.75,566.5,572.5,112145
1221,2024-11-07,571.5,579.5,565.0,574.5,105864
1220,2024-11-06,573.25,577.75,562.0,571.0,67945
1219,2024-11-05,572.5,574.5,565.25,569.5,58641
1218,2024-11-04,568.75,575.75,565.0,569.0,55475
1217,2024-11-01,568.0,577.75,564.25,571.5,54164
1216,2024-10-31,570.5,573.75,563.5,572.75,61593
1215,2024-10-30,573.25,580.5,564.0,571.25,68179
1214,2024-10-29,570.5,572.75,558.0,559.0,67415
1213,2024-10-28,558.75,571.5,557.75,564.25,61302
1212,2024-10-25,569.0,585.5,566.0,581.25,75987
1211,2024-10-24,581.5,584.25,575.0,579.0,49883
1210,2024-10-23,578.5,582.75,566.25,575.75,57247
1209,2024-10-22,576.0,578.75,565.75,574.0,49868
1208,2024-10-21,572.25,584.25,570.75,572.75,74088
1207,2024-10-18,572.75,595.5,570.25,590.0,82026
1206,2024-10-17,589.5,591.75,576.25,584.25,75298
1205,2024-10-16,585.0,587.5,575.25,581.25,57508
1204,2024-10-15,579.5,586.75,578.0,585.5,69756
1203,2024-10-14,585.25,601.0,584.25,598.5,55970
1202,2024-10-11,599.0,611.25,592.5,603.75,75587
1201,2024-10-10,603.75,609.25,598.5,600.75,60990
1200,2024-10-09,599.0,604.75,594.25,594.75,55193
1199,2024-10-08,594.75,599.0,587.5,593.75,59037
1198,2024-10-07,592.5,595.25,584.0,590.25,55580
1197,2024-10-04,589.75,604.25,587.0,603.75,76333
1196,2024-10-03,603.5,617.25,601.25,614.25,78992
1195,2024-10-02,615.25,617.25,596.25,596.25,116431
1194,2024-10-01,599.0,602.5,577.0,584.0,84582
1193,2024-09-30,584.0,590.75,575.5,579.75,58874
1192,2024-09-27,580.0,583.5,575.5,583.0,46189
1191,2024-09-26,584.25,596.25,582.75,590.5,69058
1190,2024-09-25,589.25,591.25,573.75,579.0,52959
1189,2024-09-24,578.0,589.25,575.25,581.25,52268
1188,2024-09-23,582.5,586.5,569.0,570.5,63331
1187,2024-09-20,568.5,575.75,565.25,566.25,60486
1186,2024-09-19,565.5,577.25,564.0,575.75,51648
1185,2024-09-18,575.75,582.75,573.0,576.0,47041
1184,2024-09-17,575.75,584.25,571.25,578.5,45713
1183,2024-09-16,578.5,596.0,574.25,594.75,80580
1182,2024-09-13,571.25,571.25,571.25,571.25,89761
1181,2024-09-12,563.0,563.0,563.0,563.0,2
1180,2024-09-11,563.75,563.75,563.75,563.75,7
1179,2024-09-10,558.75,558.75,554.75,554.75,7
1178,2024-09-09,555.5,555.5,555.5,555.5,429
1177,2024-09-06,553.25,565.75,552.25,565.75,429
1176,2024-09-05,561.0,565.5,557.0,565.5,118
1175,2024-09-04,565.25,568.75,551.5,551.5,156
1174,2024-09-03,552.0,552.0,530.5,531.5,426
1173,2024-08-30,532.75,534.75,522.5,522.5,830
1172,2024-08-29,525.0,525.0,508.25,513.0,12493
1171,2024-08-28,514.25,516.0,505.5,507.0,19344
1170,2024-08-27,508.25,510.75,493.5,497.25,31510
1169,2024-08-26,498.0,506.0,495.5,505.25,39317
1168,2024-08-23,502.25,513.75,501.25,512.0,48966
1167,2024-08-22,511.0,524.0,502.5,521.25,44564
1166,2024-08-21,519.75,536.5,519.0,533.75,35065
1165,2024-08-20,533.0,535.5,525.75,528.0,43754
1164,2024-08-19,528.25,531.25,521.75,530.5,46025
1163,2024-08-16,530.0,533.5,523.25,527.25,52852
1162,2024-08-15,528.25,547.75,527.0,535.75,69556
1161,2024-08-14,534.75,537.25,524.0,529.25,84253
1160,2024-08-13,528.75,538.25,525.0,538.0,67772
1159,2024-08-12,536.75,547.0,528.0,542.75,84754
1158,2024-08-09,542.5,552.0,536.25,537.25,82400
1157,2024-08-08,537.5,544.5,532.5,537.75,67628
1156,2024-08-07,538.25,548.75,534.75,544.0,79911
1155,2024-08-06,543.25,548.75,531.5,540.0,59182
1154,2024-08-05,539.5,541.5,519.75,540.25,60219
1153,2024-08-02,539.0,540.5,528.5,532.0,51484
1152,2024-08-01,532.0,534.75,519.75,526.75,56989
1151,2024-07-31,527.25,534.0,515.5,523.0,60814
1150,2024-07-30,524.0,529.5,517.0,528.75,50329
1149,2024-07-29,531.0,532.75,514.25,523.5,53527
1148,2024-07-26,523.5,541.25,522.0,537.0,56593
1147,2024-07-25,537.75,549.75,536.25,546.75,44805
1146,2024-07-24,547.0,555.5,537.25,542.5,51655
1145,2024-07-23,542.75,552.0,540.5,547.75,41164
1144,2024-07-22,548.0,553.5,540.25,545.25,48547
1143,2024-07-19,542.75,556.25,530.5,534.75,67049
1142,2024-07-18,535.25,546.5,533.0,540.75,50518
1141,2024-07-17,539.25,546.5,528.0,530.5,52555
1140,2024-07-16,530.75,537.5,525.25,531.25,63371
1139,2024-07-15,532.5,552.5,531.0,551.0,76571
1138,2024-07-12,538.0,538.0,538.0,538.0,79921
1137,2024-07-11,554.25,561.25,543.5,543.5,30
1136,2024-07-10,543.5,547.25,542.0,542.0,84
1135,2024-07-09,554.25,554.25,554.25,554.25,49
1134,2024-07-08,553.0,553.0,552.25,552.25,73
1133,2024-07-05,572.25,573.0,572.25,573.0,127
1132,2024-07-03,554.5,563.75,554.5,563.75,193
1131,2024-07-02,561.5,562.0,561.5,562.0,283
1130,2024-07-01,569.25,569.25,552.75,556.5,339
1129,2024-06-28,553.5,565.0,547.0,559.25,1450
1128,2024-06-27,559.75,562.5,539.5,540.5,18205
1127,2024-06-26,541.25,552.75,538.0,539.75,19701
1126,2024-06-25,541.75,556.0,539.75,552.5,29811
1125,2024-06-24,552.5,563.0,546.5,562.0,36639
1124,2024-06-21,561.5,579.25,557.75,571.25,67572
1123,2024-06-20,572.75,582.75,565.5,582.0,66902
1122,2024-06-18,582.0,595.25,580.0,590.0,59959
1121,2024-06-17,591.5,610.25,590.25,607.75,71030
1120,2024-06-14,612.75,622.5,611.0,618.25,73733
1119,2024-06-13,620.0,627.25,612.5,614.5,77149
1118,2024-06-12,617.0,627.75,610.5,626.0,84288
1117,2024-06-11,626.5,633.0,605.5,606.75,132289
1116,2024-06-10,607.5,627.0,606.25,626.0,119712
1115,2024-06-07,627.5,639.5,618.25,639.5,131164
1114,2024-06-06,639.5,654.0,638.25,649.75,83045
1113,2024-06-05,646.75,664.25,642.75,659.25,84832
1112,2024-06-04,658.25,681.25,657.75,672.5,82162
1111,2024-06-03,672.75,697.75,667.5,678.0,84111
1110,2024-05-31,678.5,691.5,673.75,680.5,54291
1109,2024-05-30,681.0,693.75,673.25,692.75,68977
1108,2024-05-29,692.75,706.25,688.5,701.5,63288
1107,2024-05-28,700.25,720.0,693.75,713.0,73681
1106,2024-05-24,697.25,706.0,689.0,701.25,70621
1105,2024-05-23,698.0,702.5,682.5,694.0,68180
1104,2024-05-22,693.0,716.75,688.5,697.25,89819
1103,2024-05-21,697.5,700.75,682.0,687.5,88258
1102,2024-05-20,688.75,691.25,654.0,654.0,93314
1101,2024-05-17,651.25,676.5,650.25,662.5,62410
1100,2024-05-16,663.25,681.5,656.75,664.25,68479
1099,2024-05-15,665.75,697.0,662.25,674.25,89540
1098,2024-05-14,657.0,657.0,657.0,657.0,86543
1097,2024-05-13,670.25,670.25,645.75,648.0,33
1096,2024-05-10,645.75,647.0,645.25,645.25,57
1095,2024-05-09,619.75,624.25,619.75,624.25,125
1094,2024-05-08,616.0,616.0,616.0,616.0,20
1093,2024-05-07,624.75,635.0,624.75,635.0,52
1092,2024-05-06,632.25,632.25,627.5,627.5,148
1091,2024-05-03,606.0,606.0,606.0,606.0,226
1090,2024-05-02,586.5,592.75,580.75,592.75,67
1089,2024-05-01,581.5,582.25,579.0,580.25,505
1088,2024-04-30,585.0,587.0,577.75,587.0,1411
1087,2024-04-29,590.25,604.75,582.75,595.75,17080
1086,2024-04-26,603.25,614.5,598.25,602.0,28595
1085,2024-04-25,602.25,605.0,593.5,594.0,25972
1084,2024-04-24,594.5,598.5,578.75,583.25,27546
1083,2024-04-23,585.0,586.0,565.75,572.0,42554
1082,2024-04-22,570.25,579.5,548.75,549.0,50920
1081,2024-04-19,550.25,558.75,536.0,536.75,29394
1080,2024-04-18,536.75,544.0,534.25,538.0,35421
1079,2024-04-17,537.0,555.0,536.0,550.5,38898
1078,2024-04-16,549.75,557.0,542.5,550.75,53008
1077,2024-04-15,551.75,556.0,544.25,555.25,46713
1076,2024-04-12,556.0,562.5,549.5,552.5,63720
1075,2024-04-11,551.75,559.75,548.25,558.0,73571
1074,2024-04-10,558.5,567.25,555.75,558.5,68514
1073,2024-04-09,557.75,564.25,553.5,563.0,73159
1072,2024-04-08,565.75,573.75,559.5,570.25,90126
1071,2024-04-05,567.25,574.75,555.0,556.0,106580
1070,2024-04-04,556.25,562.5,549.5,556.0,61299
1069,2024-04-03,556.0,559.75,540.25,545.0,58686
1068,2024-04-02,545.25,562.75,543.5,557.5,64529
1067,2024-04-01,557.0,562.75,547.25,562.0,43697
1066,2024-03-28,560.25,568.5,544.5,546.5,72671
1065,2024-03-27,547.5,549.5,538.5,543.25,40131
1064,2024-03-26,543.5,557.5,542.75,555.0,39839
1063,2024-03-25,555.0,567.0,549.5,559.0,63147
1062,2024-03-22,554.75,559.25,539.5,548.5,58439
1061,2024-03-21,546.75,552.5,540.25,546.0,43716
1060,2024-03-20,545.0,553.0,537.0,551.75,52836
1059,2024-03-19,552.5,553.75,539.0,542.75,52072
1058,2024-03-18,542.75,544.0,527.0,531.25,57975
1057,2024-03-15,528.5,537.5,526.75,532.0,40453
1056,2024-03-14,519.5,519.5,519.5,519.5,60596
1055,2024-03-13,532.25,535.25,532.25,534.5,18
1054,2024-03-12,535.5,544.75,535.5,541.0,40
1053,2024-03-11,537.5,537.5,526.0,526.75,25
1052,2024-03-08,526.75,528.5,526.75,528.5,15
1051,2024-03-07,520.75,526.5,520.75,526.5,251
1050,2024-03-06,521.25,521.25,519.75,519.75,206
1049,2024-03-05,545.75,554.75,545.75,554.75,31
1048,2024-03-04,563.5,564.0,563.5,564.0,113
1047,2024-03-01,560.0,577.75,558.25,577.75,549
1046,2024-02-29,577.5,582.0,567.0,570.0,1253
1045,2024-02-28,571.0,588.0,569.75,586.5,13393
1044,2024-02-27,586.0,591.75,575.5,576.0,15959
1043,2024-02-26,577.25,578.75,562.0,573.5,23795
1042,2024-02-23,573.5,592.5,572.5,584.75,30814
1041,2024-02-22,583.25,600.0,579.75,582.0,40227
1040,2024-02-21,583.25,584.75,574.0,581.75,35041
1039,2024-02-20,582.75,585.0,555.25,558.5,53102
1038,2024-02-16,560.5,571.75,556.75,566.0,53034
1037,2024-02-15,567.0,585.75,565.25,585.75,79696
1036,2024-02-14,585.5,597.75,577.5,597.25,84588
1035,2024-02-13,597.5,603.5,592.25,597.0,82483
1034,2024-02-12,597.5,603.0,588.5,596.25,69031
1033,2024-02-09,596.75,605.5,588.0,591.25,100815
1032,2024-02-08,588.5,602.0,583.75,601.25,78673
1031,2024-02-07,602.0,606.75,590.75,594.75,79577
1030,2024-02-06,595.0,597.5,588.0,590.5,47583
1029,2024-02-05,590.25,601.75,586.75,600.0,51236
1028,2024-02-02,599.75,611.5,595.75,601.5,66721
1027,2024-02-01,601.5,603.0,587.0,595.25,62577
1026,2024-01-31,595.25,605.0,591.75,605.0,43147
1025,2024-01-30,605.5,606.75,584.5,593.5,51993
1024,2024-01-29,593.5,601.75,587.5,601.25,41478
1023,2024-01-26,600.25,614.0,592.25,612.0,69590
1022,2024-01-25,612.25,617.25,606.5,611.5,54705
1021,2024-01-24,610.75,612.25,596.5,598.0,56703
1020,2024-01-23,596.5,606.75,593.75,596.0,42176
1019,2024-01-22,596.5,600.25,587.0,593.5,36371
1018,2024-01-19,593.25,598.0,584.75,586.25,48393
1017,2024-01-18,585.5,587.0,573.25,583.5,50947
1016,2024-01-17,582.5,595.75,577.75,581.5,69550
1015,2024-01-16,582.0,602.25,576.75,596.0,61371
1014,2024-01-12,596.0,611.75,587.25,604.0,82712
1013,2024-01-11,603.75,614.75,602.0,610.0,38907
1012,2024-01-10,610.75,612.0,603.75,610.25,40391
1011,2024-01-09,610.0,613.75,594.0,596.0,57128
1010,2024-01-08,596.25,617.25,593.0,617.0,70376
1009,2024-01-05,616.0,621.5,611.5,613.0,43101
1008,2024-01-04,613.5,614.5,591.25,601.5,63693
1007,2024-01-03,600.25,609.75,598.25,608.0,63996
1006,2024-01-02,606.75,628.75,604.75,628.75,61472
1005,2023-12-29,628.0,633.5,621.5,631.0,34752
1004,2023-12-28,631.5,636.25,621.75,624.25,32254
1003,2023-12-27,623.0,637.5,619.25,636.0,38063
1002,2023-12-26,636.25,639.75,611.5,615.0,40674
1001,2023-12-22,616.25,618.25,610.75,612.5,26134
1000,2023-12-21,612.5,617.25,610.25,611.5,33648
999,2023-12-20,610.0,625.25,609.0,622.5,39373
998,2023-12-19,622.75,624.25,611.25,618.25,42919
997,2023-12-18,617.0,632.0,614.75,629.75,43591
996,2023-12-15,629.25,630.0,610.75,616.0,52711
995,2023-12-14,594.0,594.0,594.0,594.0,46870
994,2023-12-13,585.25,585.25,585.25,585.25,214
993,2023-12-12,607.0,607.0,607.0,607.0,145
992,2023-12-11,591.25,591.25,591.25,591.25,198
991,2023-12-08,615.0,619.0,615.0,618.75,17
990,2023-12-07,626.0,626.0,622.75,622.75,93
989,2023-12-06,615.75,634.0,615.75,625.75,50
988,2023-12-05,620.75,620.75,597.75,601.0,582
987,2023-12-04,595.75,595.75,583.0,583.0,371
986,2023-12-01,577.0,577.5,569.25,569.25,665
985,2023-11-30,570.25,570.25,555.5,557.5,1556
984,2023-11-29,556.0,559.0,542.75,544.5,19771
983,2023-11-28,543.75,545.5,528.0,534.0,31630
982,2023-11-27,534.25,552.75,527.5,550.0,41484
981,2023-11-24,548.75,555.75,546.5,555.0,26202
980,2023-11-22,555.75,563.5,554.5,556.0,29106
979,2023-11-21,555.0,557.0,541.75,544.0,43240
978,2023-11-20,543.5,554.0,541.0,550.75,42772
977,2023-11-17,550.75,557.75,547.0,555.75,51395
976,2023-11-16,553.5,562.5,547.0,562.25,57404
975,2023-11-15,560.5,579.25,557.0,572.75,83309
974,2023-11-14,572.0,585.0,570.25,581.0,65166
973,2023-11-13,579.0,582.0,567.25,575.0,80609
972,2023-11-10,575.25,583.0,570.75,581.75,68735
971,2023-11-09,580.75,592.5,573.0,590.0,85078
970,2023-11-08,592.25,598.75,570.25,571.5,144369
969,2023-11-07,570.25,582.25,564.5,574.0,106304
968,2023-11-06,575.75,577.75,566.5,573.0,68699
967,2023-11-03,572.5,574.5,563.75,565.75,41970
966,2023-11-02,565.5,569.5,557.25,562.25,53492
965,2023-11-01,561.75,564.75,554.75,557.5,58783
964,2023-10-31,556.25,568.5,554.5,568.25,72016
963,2023-10-30,566.0,577.0,565.25,576.0,60510
962,2023-10-27,575.5,582.5,571.0,580.25,48608
961,2023-10-26,579.5,580.5,563.25,569.25,72437
960,2023-10-25,568.5,586.25,567.0,580.0,57951
959,2023-10-24,580.5,588.0,572.75,587.75,47630
958,2023-10-23,587.25,595.25,582.0,586.5,48387
957,2023-10-20,586.0,604.5,583.25,594.0,81524
956,2023-10-19,594.0,594.5,576.5,579.75,65379
955,2023-10-18,580.25,584.0,571.25,572.5,52739
954,2023-10-17,570.5,582.25,568.5,577.0,53405
953,2023-10-16,577.25,588.5,575.25,580.0,56769
952,2023-10-13,579.75,586.25,569.5,572.0,87479
951,2023-10-12,571.5,574.5,547.25,557.25,83008
950,2023-10-11,556.0,560.75,551.0,559.0,43895
949,2023-10-10,558.5,574.75,555.5,573.75,48419
948,2023-10-09,572.75,581.5,570.0,573.25,46092
947,2023-10-06,568.25,580.25,566.5,576.0,50140
946,2023-10-05,578.25,580.25,559.0,559.75,69807
945,2023-10-04,560.0,569.75,551.75,567.5,66479
944,2023-10-03,568.5,575.0,562.75,568.25,75409
943,2023-10-02,564.75,567.0,541.25,545.0,96364
942,2023-09-29,541.5,585.5,540.0,579.5,123780
941,2023-09-28,578.75,583.5,575.25,580.5,43969
940,2023-09-27,579.5,594.5,578.5,589.25,55807
939,2023-09-26,589.0,596.75,583.25,589.0,48882
938,2023-09-25,589.0,590.0,573.75,577.0,44697
937,2023-09-22,579.5,582.5,572.75,576.5,45559
936,2023-09-21,575.75,590.25,575.0,589.0,50330
935,2023-09-20,588.75,596.25,581.5,585.25,63637
934,2023-09-19,584.0,592.75,581.0,588.0,58587
933,2023-09-18,591.25,604.25,587.0,604.0,64919
932,2023-09-15,604.25,607.5,591.75,594.25,65394
931,2023-09-14,567.5,567.5,567.5,567.5,55236
930,2023-09-13,569.0,569.0,562.5,562.5,42
929,2023-09-12,560.25,560.25,548.0,557.25,167
928,2023-09-11,556.0,561.5,556.0,561.5,189
927,2023-09-08,567.25,567.25,567.25,567.25,50
926,2023-09-07,571.5,585.0,571.5,578.25,152
925,2023-09-06,581.0,587.0,576.5,577.5,309
924,2023-09-05,572.5,575.0,567.0,569.25,104
923,2023-09-01,567.5,585.0,567.5,574.0,725
922,2023-08-31,573.0,582.75,566.0,574.0,1699
921,2023-08-30,576.75,579.5,564.5,572.75,12815
920,2023-08-29,569.75,589.0,568.75,588.0,27766
919,2023-08-28,588.0,599.25,584.0,593.5,21644
918,2023-08-25,593.25,609.75,587.5,604.5,28997
917,2023-08-24,604.0,615.0,598.25,614.75,21786
916,2023-08-23,612.5,617.0,598.25,604.25,22591
915,2023-08-22,601.75,610.75,594.5,599.0,26011
914,2023-08-21,599.25,620.75,595.75,618.0,24478
913,2023-08-18,613.25,615.75,588.5,589.0,32904
912,2023-08-17,589.5,601.25,586.25,599.75,31435
911,2023-08-16,597.75,607.5,591.5,598.75,41338
910,2023-08-15,598.5,619.0,595.75,618.5,52402
909,2023-08-14,616.0,635.0,605.25,632.75,56037
908,2023-08-11,626.75,639.75,624.25,638.0,72254
907,2023-08-10,637.75,644.0,635.0,637.25,67426
906,2023-08-09,635.0,658.25,633.5,655.5,70504
905,2023-08-08,656.25,662.25,643.0,657.5,81628
904,2023-08-07,657.5,663.75,636.0,646.0,104532
903,2023-08-04,633.0,653.75,627.25,627.75,70991
902,2023-08-03,627.0,648.25,626.25,639.25,65703
901,2023-08-02,640.0,684.0,636.0,654.5,90376
900,2023-08-01,652.25,675.0,643.25,670.0,69422
899,2023-07-31,665.75,703.0,660.25,702.5,104577
898,2023-07-28,704.25,720.25,689.0,714.75,74606
897,2023-07-27,712.75,740.0,711.75,723.25,75102
896,2023-07-26,720.0,757.5,709.0,757.0,105761
895,2023-07-25,760.25,777.25,736.5,754.25,107919
894,2023-07-24,757.5,757.5,698.75,702.0,96764
893,2023-07-21,697.5,733.25,693.5,724.75,95069
892,2023-07-20,727.0,750.75,711.25,725.0,136382
891,2023-07-19,727.75,730.75,664.0,669.0,148746
890,2023-07-18,670.75,675.0,642.25,649.25,54946
889,2023-07-17,653.75,689.25,651.0,666.0,73578
888,2023-07-14,641.5,641.5,641.5,641.5,55640
887,2023-07-13,627.5,627.5,614.25,614.25,24
886,2023-07-12,621.25,645.0,621.25,645.0,12
885,2023-07-11,649.5,650.0,642.75,645.0,119
884,2023-07-10,636.25,645.75,636.25,641.75,23
883,2023-07-07,639.5,646.75,639.5,642.75,57
882,2023-07-06,647.0,654.75,640.75,654.5,194
881,2023-07-05,662.0,662.0,635.0,640.0,288
880,2023-07-03,628.5,642.25,628.25,630.0,694
879,2023-06-30,636.25,663.75,634.25,654.0,1368
878,2023-06-29,653.0,663.75,650.75,655.5,13944
877,2023-06-28,655.75,692.5,653.25,684.75,19744
876,2023-06-27,685.0,725.75,681.5,724.25,21844
875,2023-06-26,724.25,756.75,719.0,734.25,37363
874,2023-06-23,733.25,737.75,718.75,737.0,52472
873,2023-06-22,739.0,747.0,725.5,730.25,49752
872,2023-06-21,734.5,735.5,699.25,700.5,59228
871,2023-06-20,695.75,700.0,676.25,687.0,76040
870,2023-06-16,688.0,697.0,656.0,659.75,99940
869,2023-06-15,661.5,665.25,628.25,629.0,72093
868,2023-06-14,630.25,639.0,625.0,638.0,70761
867,2023-06-13,636.25,649.25,626.75,634.5,106163
866,2023-06-12,633.75,638.75,622.25,629.75,91968
865,2023-06-09,630.25,632.25,618.5,624.5,113037
864,2023-06-08,626.25,629.0,611.25,616.0,98911
863,2023-06-07,616.75,635.5,613.25,626.5,89270
862,2023-06-06,627.75,648.0,621.25,624.25,113883
861,2023-06-05,624.0,631.5,615.5,621.5,69485
860,2023-06-02,619.0,622.5,602.25,610.25,69362
859,2023-06-01,610.75,617.5,593.0,594.25,80028
858,2023-05-31,594.25,595.0,573.25,591.5,73773
857,2023-05-30,591.0,616.75,588.75,616.75,74481
856,2023-05-26,616.0,618.5,602.5,606.0,48350
855,2023-05-25,604.25,616.5,599.0,607.0,53306
854,2023-05-24,606.25,624.5,602.25,621.0,61465
853,2023-05-23,622.25,624.75,594.25,607.5,57431
852,2023-05-22,606.25,613.75,596.25,607.75,60942
851,2023-05-19,605.0,620.75,602.0,611.0,62743
850,2023-05-18,611.75,626.5,605.5,626.25,59509
849,2023-05-17,625.5,654.25,616.0,646.75,98456
848,2023-05-16,647.5,664.25,640.0,661.75,62562
847,2023-05-15,660.75,663.75,632.5,635.0,67502
846,2023-05-12,624.5,624.5,624.5,624.5,74154
845,2023-05-11,614.25,617.5,614.25,617.5,22
844,2023-05-10,628.25,628.25,628.25,628.25,42
843,2023-05-09,630.5,630.5,628.0,628.0,8
842,2023-05-08,641.0,647.5,641.0,647.5,24
841,2023-05-05,647.0,647.0,647.0,647.0,78
840,2023-05-04,631.5,631.5,624.0,624.0,187
839,2023-05-03,626.25,626.25,596.0,596.0,352
838,2023-05-02,595.5,612.75,595.5,612.0,406
837,2023-05-01,603.75,620.0,599.5,620.0,1106
836,2023-04-28,619.75,623.0,610.25,611.75,1022
835,2023-04-27,614.75,630.75,610.5,628.75,18402
834,2023-04-26,627.25,643.0,626.5,639.75,18041
833,2023-04-25,638.75,646.75,628.25,643.5,26652
832,2023-04-24,643.5,669.5,643.25,669.25,25969
831,2023-04-21,661.75,673.25,658.0,667.75,34367
830,2023-04-20,667.75,684.75,666.5,683.0,36941
829,2023-04-19,681.75,699.0,680.75,699.0,31370
828,2023-04-18,698.0,707.0,689.25,693.5,44586
827,2023-04-17,696.5,697.0,674.5,686.25,71093
826,2023-04-14,682.5,685.25,661.25,668.75,81450
825,2023-04-13,667.0,680.75,664.5,680.75,91658
824,2023-04-12,679.5,683.75,673.0,673.0,111542
823,2023-04-11,674.0,686.0,666.25,680.25,114948
822,2023-04-10,678.5,687.5,668.25,684.5,67549
821,2023-04-06,675.5,685.0,671.25,682.25,0
820,2023-04-05,682.0,693.25,675.0,693.0,56289
819,2023-04-04,691.5,701.5,688.0,697.0,44904
818,2023-04-03,693.5,710.0,691.5,697.0,51071
817,2023-03-31,692.25,701.25,681.0,692.5,58011
816,2023-03-30,692.25,710.0,690.25,705.25,45510
815,2023-03-29,704.75,724.0,696.5,698.25,77189
814,2023-03-28,699.75,704.75,691.5,698.5,51076
813,2023-03-27,698.0,706.5,680.25,691.0,58958
812,2023-03-24,688.5,700.5,656.25,660.25,114498
811,2023-03-23,662.0,675.5,657.25,663.0,56070
810,2023-03-22,663.5,684.0,654.0,682.5,89216
809,2023-03-21,683.25,705.5,680.25,700.0,68061
808,2023-03-20,700.75,708.5,695.25,708.5,61276
807,2023-03-17,710.5,712.5,697.25,697.25,58006
806,2023-03-16,699.0,704.0,691.5,704.0,43894
805,2023-03-15,702.75,706.0,692.75,697.25,50727
804,2023-03-14,686.5,686.5,686.5,686.5,57958
803,2023-03-13,672.25,672.25,660.5,660.5,30
802,2023-03-10,666.75,666.75,662.25,662.25,42
801,2023-03-09,653.5,653.5,653.5,653.5,42
800,2023-03-08,674.5,674.5,674.5,674.5,30
799,2023-03-07,684.75,684.75,684.75,684.75,64
798,2023-03-06,682.5,692.25,682.5,690.75,20
797,2023-03-03,695.75,698.75,695.75,698.75,132
796,2023-03-02,701.25,706.5,701.25,702.5,170
795,2023-03-01,697.0,698.75,691.25,691.25,213
794,2023-02-28,691.5,699.5,687.0,694.0,1970
793,2023-02-27,696.0,710.0,691.25,708.25,24587
792,2023-02-24,708.25,741.0,703.0,740.5,29656
791,2023-02-23,738.25,745.0,734.25,735.5,29844
790,2023-02-22,736.5,754.0,733.0,751.75,38925
789,2023-02-21,750.5,773.25,749.5,765.75,49781
788,2023-02-17,765.5,771.5,759.5,765.0,32055
787,2023-02-16,765.0,771.5,762.25,767.5,34054
786,2023-02-15,769.25,787.25,766.75,786.0,55479
785,2023-02-14,786.0,797.5,783.5,790.0,64638
784,2023-02-13,792.0,796.0,776.0,789.0,88266
783,2023-02-10,786.0,790.0,755.0,755.0,109946
782,2023-02-09,757.25,770.5,754.75,764.75,75196
781,2023-02-08,764.75,766.0,747.75,750.0,90201
780,2023-02-07,749.75,757.0,744.25,750.0,70662
779,2023-02-06,750.25,766.5,745.5,758.0,56431
778,2023-02-03,756.75,776.5,750.75,759.75,72367
777,2023-02-02,761.0,770.75,750.5,757.5,59106
776,2023-02-01,759.75,762.5,744.5,760.75,60025
775,2023-01-31,761.25,766.75,742.0,752.5,59637
774,2023-01-30,752.5,762.5,743.5,753.0,43812
773,2023-01-27,750.0,753.25,744.25,752.25,41125
772,2023-01-26,752.5,758.0,738.0,741.0,47206
771,2023-01-25,741.25,746.5,734.75,735.0,41249
770,2023-01-24,734.5,739.0,719.75,720.5,44243
769,2023-01-23,720.0,740.5,712.5,738.0,63999
768,2023-01-20,741.5,743.0,727.75,735.0,35444
767,2023-01-19,734.5,748.75,733.5,741.75,39217
766,2023-01-18,742.5,760.25,740.25,749.0,45150
765,2023-01-17,751.75,755.75,728.75,742.5,48648
764,2023-01-13,743.75,748.5,737.25,743.5,34226
763,2023-01-12,742.75,747.25,723.0,739.0,64694
762,2023-01-11,740.0,742.25,724.5,730.25,37156
761,2023-01-10,731.0,742.5,720.5,741.25,59339
760,2023-01-09,741.5,758.0,740.25,748.0,45486
759,2023-01-06,743.5,756.75,742.5,748.5,28671
758,2023-01-05,746.75,752.0,736.0,746.0,36793
757,2023-01-04,745.5,780.5,744.25,780.5,51975
756,2023-01-03,775.5,794.5,769.75,786.0,50138
755,2022-12-30,792.0,799.0,771.5,775.5,34784
754,2022-12-29,774.0,786.5,765.5,785.0,35941
753,2022-12-28,785.5,787.5,770.75,774.5,33179
752,2022-12-27,774.5,784.5,769.0,781.25,28358
751,2022-12-23,776.0,778.0,758.0,762.0,25952
750,2022-12-22,762.25,777.0,758.0,766.75,34649
749,2022-12-21,767.75,774.5,748.75,750.0,52904
748,2022-12-20,750.5,761.5,744.75,747.25,38339
747,2022-12-19,748.5,759.75,738.75,755.0,39778
746,2022-12-16,753.5,764.25,750.75,758.25,32613
745,2022-12-15,757.25,767.0,745.0,749.75,51207
744,2022-12-14,728.25,728.25,728.25,728.25,41587
743,2022-12-13,728.75,742.5,728.75,741.0,103
742,2022-12-12,733.0,733.0,733.0,733.0,262
741,2022-12-09,712.75,712.75,712.75,712.75,53
740,2022-12-08,724.25,726.75,721.0,721.0,232
739,2022-12-07,727.0,728.75,727.0,727.25,409
738,2022-12-06,705.5,715.75,702.5,715.75,236
737,2022-12-05,715.5,730.5,715.5,730.5,129
736,2022-12-02,737.25,750.0,737.25,750.0,516
735,2022-12-01,758.75,767.5,757.25,767.5,841
734,2022-11-30,771.5,772.75,757.25,760.0,2247
733,2022-11-29,757.75,769.0,753.75,755.5,16739
732,2022-11-28,756.75,774.25,750.25,771.25,41776
731,2022-11-25,775.5,799.75,771.0,790.75,22496
730,2022-11-23,793.5,797.5,781.25,791.75,21445
729,2022-11-22,791.5,806.75,790.0,799.0,22214
728,2022-11-21,799.25,808.75,786.0,805.25,32913
727,2022-11-18,803.25,816.5,800.25,806.75,30557
726,2022-11-17,806.75,818.25,793.75,818.25,40772
725,2022-11-16,817.5,829.75,801.5,829.5,48018
724,2022-11-15,828.25,843.0,799.25,818.5,73685
723,2022-11-14,818.5,828.75,804.75,813.0,45112
722,2022-11-11,813.75,819.5,799.5,804.25,75488
721,2022-11-10,803.5,815.75,795.5,806.75,77215
720,2022-11-09,806.5,834.0,805.25,829.25,95226
719,2022-11-08,827.75,855.0,824.75,847.75,72922
718,2022-11-07,845.75,863.75,834.0,851.0,76862
717,2022-11-04,847.75,855.5,834.0,842.0,43974
716,2022-11-03,840.5,849.0,827.75,844.75,48030
715,2022-11-02,846.0,902.0,837.75,898.5,96131
714,2022-11-01,902.5,904.0,867.75,878.5,74354
713,2022-10-31,882.25,893.25,853.75,884.5,98975
712,2022-10-28,829.25,840.25,822.5,839.75,33954
711,2022-10-27,838.5,858.0,833.5,843.5,36089
710,2022-10-26,840.5,846.5,824.0,836.25,39250
709,2022-10-25,834.75,844.75,826.75,840.0,40775
708,2022-10-24,838.75,856.5,833.5,853.75,38013
707,2022-10-21,850.75,863.0,833.0,850.25,41911
706,2022-10-20,849.25,855.75,836.75,844.5,34078
705,2022-10-19,841.25,862.75,835.5,847.0,39811
704,2022-10-18,849.5,866.0,832.75,862.0,46278
703,2022-10-17,861.0,877.75,855.25,860.0,42651
702,2022-10-14,859.75,898.75,857.25,894.25,45071
701,2022-10-13,892.25,906.25,863.0,883.75,63574
700,2022-10-12,882.25,903.75,876.25,902.0,44744
699,2022-10-11,901.0,936.75,898.0,934.0,65146
698,2022-10-10,938.0,949.75,891.5,895.25,77244
697,2022-10-07,880.25,896.75,872.5,883.25,38141
696,2022-10-06,879.0,907.75,873.25,905.75,46423
695,2022-10-05,902.0,919.75,894.25,903.25,39955
694,2022-10-04,903.0,927.0,897.5,916.25,50521
693,2022-10-03,912.0,938.75,908.5,930.0,52399
692,2022-09-30,921.5,945.75,892.75,899.75,78137
691,2022-09-29,896.25,914.5,887.75,902.5,41358
690,2022-09-28,903.25,905.0,862.0,874.25,51296
689,2022-09-27,871.5,894.5,857.0,857.5,48803
688,2022-09-26,858.0,890.75,854.25,877.0,48793
687,2022-09-23,880.5,913.0,876.0,908.75,54237
686,2022-09-22,910.75,922.5,891.0,896.5,59590
685,2022-09-21,903.75,919.5,873.0,886.5,91297
684,2022-09-20,893.75,896.75,825.5,827.75,72771
683,2022-09-19,830.5,861.25,819.25,857.25,46375
682,2022-09-16,859.75,866.5,830.75,846.75,47239
681,2022-09-15,845.0,884.75,843.25,874.0,52974
680,2022-09-14,853.75,853.75,853.75,853.75,45623
679,2022-09-13,842.75,850.0,839.0,850.0,31
678,2022-09-12,841.25,852.5,837.0,852.5,54
677,2022-09-09,853.25,853.25,810.0,810.0,40
676,2022-09-08,810.5,816.5,805.5,815.0,306
675,2022-09-07,826.5,855.0,802.25,802.25,389
674,2022-09-06,800.0,800.75,794.25,795.5,386
673,2022-09-02,793.0,795.25,790.0,793.75,440
672,2022-09-01,775.5,806.0,773.0,802.75,1046
671,2022-08-31,809.0,812.25,788.75,794.75,1705
670,2022-08-30,798.25,824.0,794.0,818.5,12216
669,2022-08-29,820.0,827.0,774.75,785.75,23866
668,2022-08-26,784.75,792.25,764.0,764.5,28064
667,2022-08-25,769.75,803.5,766.5,794.75,18247
666,2022-08-24,795.0,799.75,775.0,782.25,23598
665,2022-08-23,782.75,802.5,767.25,770.0,26881
664,2022-08-22,770.5,774.0,744.5,754.0,22523
663,2022-08-19,753.25,756.75,727.25,733.0,18896
662,2022-08-18,731.5,766.5,725.75,764.75,38267
661,2022-08-17,763.25,797.0,759.5,785.25,29954
660,2022-08-16,786.0,810.5,782.5,799.0,25480
659,2022-08-15,800.75,804.5,778.0,802.0,29781
658,2022-08-12,806.0,811.25,782.25,811.25,40652
657,2022-08-11,810.75,820.75,794.5,800.0,63667
656,2022-08-10,799.75,808.5,780.25,781.5,68225
655,2022-08-09,781.5,801.25,772.75,785.75,59015
654,2022-08-08,779.75,793.75,760.75,776.5,64408
653,2022-08-05,775.75,796.75,769.75,782.0,51597
652,2022-08-04,782.5,789.5,758.25,768.0,46769
651,2022-08-03,763.75,790.25,752.0,774.0,51385
650,2022-08-02,774.75,795.75,772.75,795.0,47230
649,2022-08-01,800.25,820.25,781.25,812.75,41076
648,2022-07-29,807.75,845.75,801.0,817.0,47268
647,2022-07-28,817.0,824.25,786.25,786.25,37417
646,2022-07-27,790.25,818.75,782.0,802.5,41494
645,2022-07-26,803.75,806.0,772.25,773.0,43798
644,2022-07-25,770.0,793.5,760.5,787.0,47491
643,2022-07-22,759.0,807.25,754.0,803.25,66188
642,2022-07-21,806.25,834.0,795.5,819.5,43046
641,2022-07-20,819.5,843.5,801.0,810.25,38891
640,2022-07-19,812.25,822.25,792.5,808.5,45981
639,2022-07-18,812.75,825.0,778.5,787.25,42326
638,2022-07-15,776.75,804.75,765.75,798.0,44621
637,2022-07-14,794.25,794.25,794.25,794.25,53660
636,2022-07-13,798.25,819.25,798.25,810.0,30
635,2022-07-12,801.5,839.25,801.5,835.0,70
634,2022-07-11,843.75,888.0,843.75,888.0,102
633,2022-07-08,879.25,879.25,841.75,843.5,110
632,2022-07-07,824.5,825.25,816.0,816.0,187
631,2022-07-06,792.25,813.0,779.0,791.0,384
630,2022-07-05,793.75,829.0,793.75,829.0,76
629,2022-07-01,831.25,878.0,831.25,876.0,419
628,2022-06-30,868.75,917.75,868.75,914.25,2286
627,2022-06-29,915.5,940.0,913.75,922.0,12305
626,2022-06-28,921.25,935.0,907.25,908.0,23635
625,2022-06-27,904.0,940.0,900.5,922.0,26815
624,2022-06-24,923.75,962.5,921.75,936.25,28752
623,2022-06-23,937.25,974.5,934.5,973.25,32876
622,2022-06-22,976.5,1007.25,960.0,977.25,35050
621,2022-06-21,975.25,1033.25,973.5,1032.0,54693
620,2022-06-17,1034.25,1083.75,1030.25,1078.25,42369
619,2022-06-16,1078.25,1084.75,1047.0,1050.25,38169
618,2022-06-15,1050.0,1058.75,1036.5,1055.0,32823
617,2022-06-14,1050.25,1072.75,1046.5,1071.0,34011
616,2022-06-13,1071.0,1093.5,1053.5,1073.0,62605
615,2022-06-10,1070.75,1081.25,1053.0,1074.5,62709
614,2022-06-09,1071.25,1082.0,1044.25,1076.25,70950
613,2022-06-08,1074.75,1089.0,1061.75,1073.0,68009
612,2022-06-07,1071.75,1101.0,1058.5,1093.0,84918
611,2022-06-06,1093.0,1108.75,1060.0,1060.0,60711
610,2022-06-03,1040.0,1069.25,1036.25,1061.5,40835
609,2022-06-02,1058.25,1075.0,1037.25,1043.25,58137
608,2022-06-01,1041.25,1098.0,1027.25,1091.0,81448
607,2022-05-31,1087.5,1157.25,1087.5,1157.0,68159
606,2022-05-27,1157.5,1170.25,1133.5,1143.25,25544
605,2022-05-26,1143.25,1160.25,1115.0,1133.0,38507
604,2022-05-25,1148.25,1158.5,1114.5,1154.5,51657
603,2022-05-24,1154.75,1208.75,1138.0,1196.0,52749
602,2022-05-23,1190.0,1196.75,1174.75,1181.75,38143
601,2022-05-20,1168.75,1208.0,1168.0,1208.0,40065
600,2022-05-19,1200.5,1247.75,1193.5,1222.0,54778
599,2022-05-18,1230.75,1280.0,1211.5,1278.5,57090
598,2022-05-17,1277.5,1284.0,1200.75,1268.0,73671
597,2022-05-16,1247.5,1247.5,1222.25,1234.25,53773
596,2022-05-13,1167.25,1167.25,1167.25,1167.25,35248
595,2022-05-12,1174.5,1174.5,1103.25,1107.75,157
594,2022-05-11,1108.75,1115.0,1100.0,1109.25,53
593,2022-05-10,1083.25,1098.5,1083.25,1096.75,42
592,2022-05-09,1083.25,1086.0,1081.5,1084.0,92
591,2022-05-06,1097.0,1098.5,1097.0,1098.5,68
590,2022-05-05,1096.0,1096.0,1084.5,1084.5,184
589,2022-05-04,1066.0,1069.75,1042.25,1042.25,288
588,2022-05-03,1033.75,1056.0,1033.75,1045.0,177
587,2022-05-02,1043.5,1050.25,1029.25,1037.5,341
586,2022-04-29,1043.75,1085.0,1043.75,1071.25,577
585,2022-04-28,1074.0,1094.0,1070.0,1082.5,6965
584,2022-04-27,1080.0,1087.0,1067.75,1081.25,7092
583,2022-04-26,1083.25,1096.0,1066.75,1069.75,9543
582,2022-04-25,1062.0,1080.0,1045.75,1065.75,12075
581,2022-04-22,1065.5,1076.0,1052.5,1070.0,15258
580,2022-04-21,1068.0,1094.25,1052.5,1094.25,11174
579,2022-04-20,1088.0,1109.75,1066.75,1094.75,15110
578,2022-04-19,1099.0,1135.0,1096.0,1123.25,18099
577,2022-04-18,1120.5,1134.75,1098.25,1099.25,13169
576,2022-04-14,1096.5,1127.5,1094.25,1113.0,20653
575,2022-04-13,1113.5,1124.25,1078.0,1102.5,53460
574,2022-04-12,1103.75,1117.5,1075.0,1077.75,50433
573,2022-04-11,1081.25,1091.75,1055.0,1056.0,55247
572,2022-04-08,1051.5,1054.25,1017.0,1020.0,47599
571,2022-04-07,1020.0,1044.5,1017.75,1040.25,50501
570,2022-04-06,1038.25,1056.25,1023.5,1049.5,27905
569,2022-04-05,1045.25,1074.0,1020.0,1020.5,26923
568,2022-04-04,1010.25,1014.5,984.75,989.5,26349
567,2022-04-01,984.5,1032.75,982.5,1007.25,33853
566,2022-03-31,1006.0,1075.0,1003.5,1030.25,36848
565,2022-03-30,1027.25,1041.75,1002.25,1015.0,26336
564,2022-03-29,1014.25,1068.25,972.0,1047.0,45986
563,2022-03-28,1057.0,1096.0,1047.0,1092.75,26162
562,2022-03-25,1102.25,1109.0,1064.75,1089.5,27912
561,2022-03-24,1085.75,1115.0,1080.5,1105.75,22420
560,2022-03-23,1105.75,1139.0,1101.0,1119.25,24464
559,2022-03-22,1118.25,1169.25,1102.25,1119.25,29006
558,2022-03-21,1119.25,1148.75,1061.75,1075.0,37035
557,2022-03-18,1063.75,1106.0,1055.75,1095.0,19393
556,2022-03-17,1098.0,1108.25,1031.75,1051.0,31158
555,2022-03-16,1069.25,1159.5,1069.25,1157.25,37914
554,2022-03-15,1154.25,1160.75,1088.25,1106.0,30964
553,2022-03-14,1090.0,1090.0,1090.0,1090.0,38656
552,2022-03-11,1090.0,1090.0,1030.75,1035.75,10
551,2022-03-10,1073.75,1073.75,1073.75,1073.75,6
550,2022-03-09,1199.5,1199.5,1199.5,1199.5,5
549,2022-03-08,1273.0,1319.25,1273.0,1319.25,29
548,2022-03-07,1425.25,1425.25,1311.25,1311.25,79
547,2022-03-04,1348.0,1348.0,1201.5,1340.0,147
546,2022-03-03,1289.0,1289.0,1119.0,1124.25,374
545,2022-03-02,1058.5,1132.0,997.5,1009.25,458
544,2022-03-01,1001.75,1004.5,951.0,951.0,507
543,2022-02-28,928.0,930.5,885.5,920.25,1092
542,2022-02-25,843.0,951.25,841.5,923.25,8868
541,2022-02-24,926.0,926.0,877.25,882.75,26655
540,2022-02-23,876.0,880.0,834.0,841.0,28032
539,2022-02-22,844.25,846.25,803.0,815.0,47217
538,2022-02-18,797.0,812.25,790.0,797.5,43499
537,2022-02-17,798.0,799.25,775.5,780.0,47683
536,2022-02-16,780.5,786.75,773.25,779.75,33006
535,2022-02-15,779.75,801.75,773.0,801.25,55714
534,2022-02-14,799.25,813.5,780.75,801.5,69676
533,2022-02-11,797.75,806.25,764.75,770.25,101599
532,2022-02-10,771.5,801.75,765.75,785.5,95102
531,2022-02-09,785.0,788.25,770.5,779.5,100108
530,2022-02-08,778.75,782.0,754.0,771.25,99517
529,2022-02-07,768.75,776.5,760.0,776.0,81449
528,2022-02-04,763.25,767.25,748.25,754.75,50585
527,2022-02-03,751.75,756.5,740.0,754.0,52592
526,2022-02-02,755.0,778.5,749.25,770.0,67578
525,2022-02-01,769.0,776.75,760.5,762.5,52159
524,2022-01-31,761.25,798.5,756.75,793.0,71473
523,2022-01-28,786.25,793.5,774.75,777.25,49080
522,2022-01-27,777.0,795.5,774.0,794.25,60147
521,2022-01-26,795.0,817.5,787.0,817.25,73390
520,2022-01-25,818.0,831.5,800.5,801.0,76139
519,2022-01-24,800.5,802.5,775.75,794.0,58617
518,2022-01-21,780.0,791.0,778.0,788.0,47700
517,2022-01-20,790.25,802.75,783.75,794.0,58576
516,2022-01-19,796.5,797.25,769.5,772.0,68427
515,2022-01-18,769.0,771.5,741.25,742.25,70559
514,2022-01-14,741.5,747.25,737.0,746.0,44592
513,2022-01-13,746.75,757.75,741.0,757.0,49455
512,2022-01-12,757.75,770.0,753.5,768.0,51640
511,2022-01-11,770.25,770.5,758.25,761.75,43837
510,2022-01-10,762.0,767.5,748.0,760.75,46681
509,2022-01-07,758.5,760.75,735.5,748.0,58463
508,2022-01-06,746.0,762.0,736.0,761.75,64426
507,2022-01-05,760.75,771.5,756.0,771.0,40236
506,2022-01-04,770.0,771.5,756.25,758.0,43220
505,2022-01-03,758.0,782.25,752.75,774.0,42116
504,2021-12-31,770.75,787.75,769.5,782.5,25055
503,2021-12-30,779.75,791.75,776.0,789.5,29563
502,2021-12-29,787.75,793.0,774.0,785.25,40941
501,2021-12-28,783.5,808.0,781.75,805.75,41877
500,2021-12-27,804.0,824.0,802.5,817.5,30210
499,2021-12-23,814.75,820.5,808.25,812.5,36615
498,2021-12-22,814.0,817.0,792.0,796.75,48743
497,2021-12-21,799.0,799.75,772.5,778.5,46149
496,2021-12-20,777.75,778.75,757.75,777.5,38677
495,2021-12-17,775.0,780.25,765.25,770.0,38053
494,2021-12-16,770.5,773.0,751.25,757.5,50771
493,2021-12-15,756.0,787.0,751.0,787.0,77464
492,2021-12-14,785.5,785.5,785.5,785.5,34152
491,2021-12-13,785.5,791.0,779.25,779.25,69
490,2021-12-10,782.0,783.25,769.0,769.25,30
489,2021-12-09,773.5,793.5,773.5,793.5,64
488,2021-12-08,791.25,800.0,787.75,799.25,42
487,2021-12-07,799.25,812.0,796.0,811.0,74
486,2021-12-06,797.0,799.75,784.5,799.75,66
485,2021-12-03,794.5,814.75,794.5,809.5,102
484,2021-12-02,806.5,809.25,779.5,779.5,192
483,2021-12-01,778.5,785.5,774.75,784.0,484
482,2021-11-30,773.75,808.25,770.5,808.25,2662
481,2021-11-29,807.5,840.5,805.0,837.75,20037
480,2021-11-26,825.5,830.5,810.0,821.25,29473
479,2021-11-24,836.75,863.25,833.5,856.5,46267
478,2021-11-23,856.0,856.5,838.25,846.5,29297
477,2021-11-22,845.75,848.5,826.0,827.5,40429
476,2021-11-19,823.0,830.75,813.5,821.0,42696
475,2021-11-18,820.0,843.25,819.25,824.25,63590
474,2021-11-17,822.25,835.0,810.5,812.0,63821
473,2021-11-16,810.25,827.5,810.0,827.5,58357
472,2021-11-15,826.25,829.5,813.25,819.75,57377
471,2021-11-12,817.0,826.75,805.5,814.25,63147
470,2021-11-11,812.5,824.75,798.25,803.0,107495
469,2021-11-10,803.0,803.75,778.0,783.0,85821
468,2021-11-09,778.5,783.25,764.5,769.25,81300
467,2021-11-08,768.0,773.0,762.5,768.25,75813
466,2021-11-05,766.5,781.5,765.5,774.75,83637
465,2021-11-04,773.75,794.25,772.25,782.0,51270
464,2021-11-03,781.0,796.75,777.5,790.5,53180
463,2021-11-02,791.5,807.0,789.75,798.5,65894
462,2021-11-01,797.25,800.5,768.25,774.5,73027
461,2021-10-29,772.75,780.0,763.5,773.25,48726
460,2021-10-28,772.5,780.0,751.5,760.0,57331
459,2021-10-27,759.75,762.75,745.0,750.5,49839
458,2021-10-26,752.25,765.0,747.5,763.0,53537
457,2021-10-25,759.5,767.0,753.25,759.75,42579
456,2021-10-22,756.0,759.5,743.5,743.75,52332
455,2021-10-21,741.25,752.5,738.25,749.75,33633
454,2021-10-20,749.25,750.0,736.5,737.0,35078
453,2021-10-19,736.0,745.25,735.25,736.0,37740
452,2021-10-18,736.25,738.75,728.5,734.0,31460
451,2021-10-15,734.0,740.5,722.25,725.0,40534
450,2021-10-14,724.75,729.5,718.5,718.75,39585
449,2021-10-13,718.75,737.75,712.75,736.0,57903
448,2021-10-12,734.0,743.75,718.0,731.75,57859
447,2021-10-11,731.75,739.5,731.0,734.0,32210
446,2021-10-08,734.0,746.5,731.75,739.25,47836
445,2021-10-07,741.25,752.5,739.5,746.0,42606
444,2021-10-06,746.0,756.75,742.25,744.75,44642
443,2021-10-05,744.75,757.0,743.75,756.25,49150
442,2021-10-04,756.5,763.5,748.5,752.25,54746
441,2021-10-01,755.25,758.5,722.75,725.0,85696
440,2021-09-30,725.5,732.75,701.25,711.25,71326
439,2021-09-29,710.25,717.75,708.25,709.25,38927
438,2021-09-28,706.5,726.75,706.0,722.0,54403
437,2021-09-27,722.25,728.5,720.25,723.5,32063
436,2021-09-24,723.75,725.75,711.5,718.5,47318
435,2021-09-23,717.75,719.5,704.0,708.5,46804
434,2021-09-22,705.75,706.75,688.0,689.5,37475
433,2021-09-21,690.25,701.0,686.0,700.25,43195
432,2021-09-20,700.75,710.75,695.75,708.0,37449
431,2021-09-17,708.75,716.0,706.5,713.75,33375
430,2021-09-16,713.0,716.75,705.0,711.25,40246
429,2021-09-15,712.25,714.75,695.25,700.0,51075
428,2021-09-14,685.0,685.0,677.25,677.25,55986
427,2021-09-13,674.5,674.5,671.5,671.5,8
426,2021-09-10,675.0,683.75,673.25,682.5,72
425,2021-09-09,681.5,700.0,681.5,700.0,113
424,2021-09-08,698.25,704.5,698.25,704.5,58
423,2021-09-07,708.75,718.5,704.25,718.5,169
422,2021-09-03,714.5,715.0,701.0,702.0,433
421,2021-09-02,704.0,708.0,694.0,694.0,369
420,2021-09-01,701.0,710.25,699.25,708.25,546
419,2021-08-31,706.75,707.5,690.25,706.5,1667
418,2021-08-30,708.75,728.5,707.5,720.5,18316
417,2021-08-27,718.5,731.25,717.75,725.75,24916
416,2021-08-26,725.25,727.0,709.25,712.5,17849
415,2021-08-25,711.25,719.75,704.25,718.0,21990
414,2021-08-24,718.0,723.25,710.75,722.75,28503
413,2021-08-23,719.75,730.75,710.25,712.75,21092
412,2021-08-20,714.25,732.75,709.25,727.5,37208
411,2021-08-19,727.5,737.0,716.0,737.0,37059
410,2021-08-18,737.25,740.5,721.75,734.25,33614
409,2021-08-17,734.5,763.75,732.25,762.5,63610
408,2021-08-16,760.5,770.25,757.75,762.5,62047
407,2021-08-13,762.25,774.75,747.5,753.0,87099
406,2021-08-12,753.5,762.0,723.0,724.0,109432
405,2021-08-11,727.0,732.25,718.75,726.75,98740
404,2021-08-10,727.0,730.0,708.5,711.0,85502
403,2021-08-09,711.25,723.75,708.25,719.0,84297
402,2021-08-06,719.0,724.75,709.25,712.75,85120
401,2021-08-05,712.75,725.5,709.75,714.75,62604
400,2021-08-04,717.25,738.75,714.5,724.25,75455
399,2021-08-03,724.5,734.75,717.75,727.5,73891
398,2021-08-02,729.5,731.75,704.0,704.0,62786
397,2021-07-30,703.75,711.5,695.0,705.0,53644
396,2021-07-29,705.25,706.75,689.0,689.75,45524
395,2021-07-28,688.75,696.25,673.75,675.0,49232
394,2021-07-27,674.5,690.0,671.75,680.25,50027
393,2021-07-26,677.0,684.0,665.5,684.0,43684
392,2021-07-23,684.0,696.75,677.5,688.0,42541
391,2021-07-22,692.25,709.0,681.75,708.25,63077
390,2021-07-21,710.75,712.0,700.0,701.0,52745
389,2021-07-20,700.5,718.0,698.25,698.75,64013
388,2021-07-19,697.75,709.5,694.25,702.75,74215
387,2021-07-16,692.5,696.25,670.75,671.75,75887
386,2021-07-15,672.0,673.5,651.25,653.75,56836
385,2021-07-14,645.0,645.0,645.0,645.0,60001
384,2021-07-13,628.75,639.5,626.0,636.5,56
383,2021-07-12,635.0,635.0,604.5,610.75,30
382,2021-07-09,608.5,612.25,606.5,608.0,104
381,2021-07-08,612.25,618.0,611.75,615.0,101
380,2021-07-07,614.75,626.0,613.75,626.0,173
379,2021-07-06,620.0,634.75,611.0,634.75,93
378,2021-07-02,645.75,662.0,643.75,661.0,401
377,2021-07-01,658.5,683.0,658.5,667.75,558
376,2021-06-30,671.5,673.0,627.5,640.5,1833
375,2021-06-29,639.75,657.75,638.25,651.0,13015
374,2021-06-28,646.0,655.0,637.0,638.0,29182
373,2021-06-25,637.0,656.75,634.5,650.5,38795
372,2021-06-24,651.25,660.75,642.0,660.25,29170
371,2021-06-23,661.25,668.25,653.25,653.25,40594
370,2021-06-22,651.0,672.75,650.75,666.25,35940
369,2021-06-21,661.5,673.5,646.5,657.0,38192
368,2021-06-18,662.75,668.5,639.0,639.0,53571
367,2021-06-17,639.0,667.0,637.25,663.75,68262
366,2021-06-16,662.75,672.75,658.75,662.0,61563
365,2021-06-15,661.5,676.25,649.0,674.5,68469
364,2021-06-14,674.5,680.75,657.0,680.5,67693
363,2021-06-11,680.75,688.0,669.5,682.25,80622
362,2021-06-10,683.75,689.25,672.75,684.0,103902
361,2021-06-09,682.25,686.0,673.5,685.0,91316
360,2021-06-08,685.0,699.25,680.25,682.5,91988
359,2021-06-07,680.0,704.0,678.5,694.25,103023
358,2021-06-04,687.75,690.25,676.25,678.5,55839
357,2021-06-03,676.25,699.25,669.25,689.5,60414
356,2021-06-02,687.5,701.5,681.5,692.0,65956
355,2021-06-01,693.5,702.0,672.0,673.25,75697
354,2021-05-28,663.5,679.75,661.25,676.0,56121
353,2021-05-27,676.25,679.5,648.0,648.25,65470
352,2021-05-26,648.5,657.75,639.5,657.0,59945
351,2021-05-25,656.5,667.5,646.75,663.25,64769
350,2021-05-24,662.25,668.75,653.25,667.0,57246
349,2021-05-21,674.25,677.5,665.75,675.5,57455
348,2021-05-20,675.25,688.0,672.25,682.25,55313
347,2021-05-19,679.25,699.0,671.5,698.0,77673
346,2021-05-18,698.0,718.5,692.5,702.5,61420
345,2021-05-17,699.75,707.5,692.0,704.0,53086
344,2021-05-14,727.25,730.25,727.25,730.25,79497
343,2021-05-13,726.5,756.5,726.5,750.0,59
342,2021-05-12,754.75,763.0,746.5,763.0,77
341,2021-05-11,759.75,765.0,742.75,742.75,55
340,2021-05-10,742.5,769.0,742.5,768.5,227
339,2021-05-07,773.5,773.5,760.5,771.0,25
338,2021-05-06,764.25,764.25,745.0,761.0,16
337,2021-05-05,755.75,755.75,737.5,737.75,495
336,2021-05-04,737.0,737.5,730.0,731.25,300
335,2021-05-03,725.5,753.25,725.5,753.25,407
334,2021-04-30,742.5,745.5,728.5,741.0,406
333,2021-04-29,737.5,738.75,712.75,722.25,9415
332,2021-04-28,725.25,743.75,713.5,734.25,12763
331,2021-04-27,733.75,773.0,726.75,737.0,16104
330,2021-04-26,739.5,745.25,712.75,712.75,34378
329,2021-04-23,710.25,714.75,701.0,709.75,29087
328,2021-04-22,710.25,713.25,672.0,673.75,45267
327,2021-04-21,673.25,678.75,658.75,662.75,30045
326,2021-04-20,659.75,679.0,650.25,651.5,43162
325,2021-04-19,652.25,660.75,651.0,653.0,28587
324,2021-04-16,652.5,659.75,648.25,652.5,36533
323,2021-04-15,653.75,657.75,639.0,647.25,61426
322,2021-04-14,648.0,655.75,630.75,630.75,117768
321,2021-04-13,629.75,637.25,628.25,630.25,78362
320,2021-04-12,628.0,639.0,623.0,638.0,101809
319,2021-04-09,638.75,646.5,627.25,628.75,113072
318,2021-04-08,628.75,631.5,616.0,618.0,87000
317,2021-04-07,616.25,619.75,609.75,615.0,73524
316,2021-04-06,615.5,627.5,613.75,622.0,58043
315,2021-04-05,618.0,625.0,607.0,607.0,52004
314,2021-04-01,611.0,625.75,601.25,623.0,73406
313,2021-03-31,618.0,631.75,593.25,603.25,90267
312,2021-03-30,601.75,616.75,600.5,616.25,52667
311,2021-03-29,616.75,617.75,607.25,615.75,38587
310,2021-03-26,613.25,619.0,608.25,611.0,45616
309,2021-03-25,612.5,625.5,609.0,624.75,60632
308,2021-03-24,624.75,638.75,624.0,635.0,45577
307,2021-03-23,634.75,644.5,621.0,628.0,68769
306,2021-03-22,627.25,630.75,621.25,627.5,36124
305,2021-03-19,627.0,635.5,621.75,629.0,51669
304,2021-03-18,630.5,641.0,629.0,640.0,47127
303,2021-03-17,640.0,649.5,639.25,646.25,36147
302,2021-03-16,647.0,648.0,631.75,645.5,51099
301,2021-03-15,645.0,647.75,636.0,637.75,40093
300,2021-03-12,631.75,631.75,631.75,631.75,34909
299,2021-03-11,636.25,650.0,636.25,650.0,32
298,2021-03-10,650.75,653.75,643.5,653.25,130
297,2021-03-09,656.5,656.5,650.75,654.75,13
296,2021-03-08,646.5,659.5,642.5,659.5,351
295,2021-03-05,654.0,657.5,647.0,649.5,401
294,2021-03-04,649.75,658.0,648.75,653.0,576
293,2021-03-03,652.0,658.25,645.75,658.25,183
292,2021-03-02,663.25,663.25,640.0,645.5,241
291,2021-03-01,643.75,661.0,643.0,661.0,389
290,2021-02-26,655.0,665.75,653.0,665.0,1445
289,2021-02-25,671.75,680.5,658.75,677.25,13332
288,2021-02-24,680.25,683.5,665.0,665.5,23402
287,2021-02-23,665.75,667.75,656.5,666.5,24552
286,2021-02-22,664.0,665.25,651.0,653.75,26456
285,2021-02-19,650.75,669.0,649.0,665.0,51919
284,2021-02-18,662.5,665.75,641.5,644.0,56681
283,2021-02-17,644.0,661.25,638.5,660.0,35182
282,2021-02-16,657.5,660.25,640.5,648.0,50195
281,2021-02-12,636.75,643.0,632.0,632.5,64747
280,2021-02-11,633.5,644.75,632.0,636.5,79697
279,2021-02-10,635.5,650.5,626.75,649.5,98577
278,2021-02-09,649.5,660.5,639.75,657.75,124145
277,2021-02-08,655.75,657.5,642.5,643.0,102705
276,2021-02-05,641.25,647.5,632.25,634.75,78451
275,2021-02-04,637.5,650.5,633.0,647.25,66019
274,2021-02-03,648.25,649.75,625.75,646.25,77131
273,2021-02-02,644.75,656.75,640.5,655.0,46873
272,2021-02-01,651.0,671.0,646.0,663.5,55799
271,2021-01-29,663.0,664.75,643.0,646.25,60153
270,2021-01-28,647.0,664.5,643.5,655.0,65434
269,2021-01-27,658.25,672.75,652.5,663.25,54190
268,2021-01-26,665.25,667.75,641.25,646.75,68363
267,2021-01-25,648.5,651.5,624.25,633.0,64721
266,2021-01-22,634.5,659.0,633.0,658.5,76808
265,2021-01-21,660.75,674.75,657.75,666.5,50212
264,2021-01-20,667.75,676.0,656.5,675.25,66033
263,2021-01-19,672.25,691.25,668.75,683.75,63501
262,2021-01-15,675.5,693.0,664.5,671.0,77447
261,2021-01-14,670.0,673.25,653.0,660.0,63304
260,2021-01-13,660.5,680.75,656.25,665.0,80724
259,2021-01-12,665.0,670.0,634.0,636.25,80416
258,2021-01-11,634.75,651.5,628.75,639.0,58069
257,2021-01-08,638.75,649.5,634.0,644.75,56138
256,2021-01-07,642.25,648.25,638.0,646.75,47486
255,2021-01-06,647.5,660.25,646.0,654.0,60850
254,2021-01-05,654.0,664.5,639.5,641.5,81173
253,2021-01-04,642.0,650.25,634.0,643.0,66782
252,2020-12-31,640.5,644.5,632.5,640.0,44927
251,2020-12-30,640.75,643.5,614.0,620.0,71654
250,2020-12-29,618.5,623.25,611.5,614.25,35420
249,2020-12-28,614.25,631.5,607.0,627.0,53532
248,2020-12-24,627.0,633.75,623.5,631.0,35656
247,2020-12-23,629.75,633.75,610.5,615.25,69513
246,2020-12-22,617.0,619.75,603.0,615.5,55034
245,2020-12-21,611.25,615.25,596.5,610.25,48422
244,2020-12-18,608.25,614.75,604.5,611.5,42169
243,2020-12-17,608.75,610.0,598.5,599.75,43431
242,2020-12-16,598.5,607.75,589.75,602.25,56478
241,2020-12-15,599.75,605.75,594.25,597.25,51418
240,2020-12-14,593.5,615.5,593.5,615.5,74274
239,2020-12-11,608.25,608.25,608.25,608.25,8
238,2020-12-10,590.25,592.5,587.0,590.0,5
237,2020-12-09,577.0,581.0,568.5,568.5,10
236,2020-12-08,563.75,574.0,563.75,566.75,20
235,2020-12-07,571.25,575.75,560.0,560.0,20
234,2020-12-04,566.5,566.5,563.75,563.75,55
233,2020-12-03,571.75,576.0,568.0,573.5,164
232,2020-12-02,578.0,578.75,565.5,565.5,78
231,2020-12-01,565.5,580.75,563.5,580.75,540
230,2020-11-30,580.25,600.0,579.5,599.5,1048
229,2020-11-27,596.5,600.25,589.25,592.25,7296
228,2020-11-25,588.25,616.5,587.0,612.75,23901
227,2020-11-24,611.25,612.25,594.0,599.5,19739
226,2020-11-23,598.75,604.75,595.75,596.0,22141
225,2020-11-20,593.25,598.25,590.0,590.0,36851
224,2020-11-19,591.75,600.25,589.75,598.75,42206
223,2020-11-18,597.75,604.25,592.5,595.75,61555
222,2020-11-17,595.25,603.25,592.5,598.0,73204
221,2020-11-16,598.0,601.0,586.0,593.75,87084
220,2020-11-13,593.5,596.25,580.25,586.25,77401
219,2020-11-12,588.25,598.75,587.0,596.25,91052
218,2020-11-11,598.0,613.5,595.5,607.0,107814
217,2020-11-10,608.5,613.0,594.0,597.25,134343
216,2020-11-09,597.5,607.0,595.0,602.25,91438
215,2020-11-06,602.0,615.75,601.75,607.75,105356
214,2020-11-05,609.25,626.25,606.0,606.5,97072
213,2020-11-04,606.0,610.5,597.75,607.75,66077
212,2020-11-03,608.0,616.5,604.0,607.0,70891
211,2020-11-02,607.5,609.5,591.0,593.25,75087
210,2020-10-30,598.5,607.25,595.25,602.0,72812
209,2020-10-29,603.75,611.25,598.5,609.75,69893
208,2020-10-28,608.75,614.5,600.75,614.5,72239
207,2020-10-27,615.75,627.0,614.75,618.75,63486
206,2020-10-26,620.0,633.0,616.0,632.75,66899
205,2020-10-23,632.75,635.5,619.5,623.0,64240
204,2020-10-22,622.75,632.25,621.25,628.5,63702
203,2020-10-21,629.75,637.5,628.75,634.5,61377
202,2020-10-20,632.0,638.25,623.5,628.5,78897
201,2020-10-19,627.0,636.75,620.25,631.0,86964
200,2020-10-16,625.25,630.75,615.5,618.5,90621
199,2020-10-15,618.25,619.5,596.5,596.75,90299
198,2020-10-14,596.75,600.25,587.25,594.75,58370
197,2020-10-13,594.0,604.25,590.75,596.25,56418
196,2020-10-12,594.25,599.0,587.0,592.5,63837
195,2020-10-09,593.75,606.75,588.75,594.0,88056
194,2020-10-08,595.25,616.75,593.25,608.75,95298
193,2020-10-07,607.5,611.5,588.5,591.25,102217
192,2020-10-06,592.75,601.75,579.75,585.0,83093
191,2020-10-05,584.25,587.75,573.0,574.5,60417
190,2020-10-02,573.25,576.5,561.25,569.25,54242
189,2020-10-01,570.25,584.0,568.5,574.0,76218
188,2020-09-30,578.0,587.0,547.0,548.75,122156
187,2020-09-29,549.5,553.25,546.0,551.0,45637
186,2020-09-28,550.25,551.75,537.75,545.25,60680
185,2020-09-25,544.25,552.5,543.75,552.25,48637
184,2020-09-24,549.75,554.25,541.0,548.0,71785
183,2020-09-23,549.0,560.25,547.25,558.5,59472
182,2020-09-22,558.0,567.0,550.25,553.5,75824
181,2020-09-21,554.75,578.25,550.5,576.5,96691
180,2020-09-18,575.0,578.0,555.5,555.75,101480
179,2020-09-17,556.25,557.25,537.25,542.0,76815
178,2020-09-16,542.0,543.0,533.25,535.5,47771
177,2020-09-15,538.25,547.0,533.75,546.0,60557
176,2020-09-14,548.5,549.25,525.0,525.0,50141
175,2020-09-11,533.75,543.0,533.75,543.0,8
174,2020-09-10,540.0,548.5,539.5,544.75,31
173,2020-09-09,534.0,536.5,533.25,533.5,32
172,2020-09-08,533.25,539.5,533.25,536.25,64
171,2020-09-04,539.75,544.0,539.0,542.0,88
170,2020-09-03,543.25,550.25,542.5,550.25,115
169,2020-09-02,547.75,554.5,545.0,554.5,187
168,2020-09-01,555.75,559.25,539.25,542.5,248
167,2020-08-31,544.25,551.75,538.0,539.25,1104
166,2020-08-28,539.25,547.25,536.75,543.0,17686
165,2020-08-27,542.5,543.75,531.0,531.75,18366
164,2020-08-26,532.0,532.75,523.25,527.0,25925
163,2020-08-25,527.25,533.75,520.75,521.25,26559
162,2020-08-24,520.75,533.25,516.5,527.75,30510
161,2020-08-21,527.25,527.75,515.0,520.0,58896
160,2020-08-20,519.5,520.25,506.5,511.75,37922
159,2020-08-19,512.0,514.25,506.25,507.25,49510
158,2020-08-18,507.5,517.5,503.0,516.25,50255
157,2020-08-17,516.5,517.5,500.0,500.5,66200
156,2020-08-14,500.0,507.75,493.5,495.5,75823
155,2020-08-13,496.75,500.75,489.0,490.0,82622
154,2020-08-12,491.25,498.0,488.0,495.75,90879
153,2020-08-11,495.0,498.75,490.5,491.0,83770
152,2020-08-10,491.0,497.25,490.0,495.25,76700
151,2020-08-07,495.5,503.75,490.5,501.25,93524
150,2020-08-06,501.25,515.0,500.75,510.75,86498
149,2020-08-05,510.75,512.75,506.0,508.25,67342
148,2020-08-04,508.25,521.25,507.75,521.0,82315
147,2020-08-03,521.0,528.25,517.0,527.0,71428
146,2020-07-31,531.25,535.25,528.5,528.5,48266
145,2020-07-30,529.5,534.5,525.0,531.75,47622
144,2020-07-29,532.75,533.25,523.5,523.5,42240
143,2020-07-28,523.5,529.75,519.25,526.5,51347
142,2020-07-27,527.75,539.0,526.25,538.75,47270
141,2020-07-24,539.5,544.0,530.0,530.75,63634
140,2020-07-23,529.5,536.0,527.0,534.75,46720
139,2020-07-22,534.5,540.25,523.75,525.75,59562
138,2020-07-21,527.75,531.5,518.5,520.5,62298
137,2020-07-20,522.0,535.25,517.0,535.0,84615
136,2020-07-17,534.75,540.0,530.75,535.75,52664
135,2020-07-16,535.25,551.5,534.0,550.0,96898
134,2020-07-15,550.75,551.75,526.75,527.0,97654
133,2020-07-14,524.75,524.75,524.75,524.75,59738
132,2020-07-13,524.75,536.0,524.75,536.0,60
131,2020-07-10,535.75,543.0,535.75,536.75,18
130,2020-07-09,526.25,537.75,520.75,530.0,15
129,2020-07-08,517.5,517.5,517.5,517.5,84
128,2020-07-07,492.25,495.0,491.5,492.75,99
127,2020-07-06,489.5,489.5,485.75,489.0,76
126,2020-07-02,490.0,499.0,486.5,498.25,291
125,2020-07-01,498.75,498.75,489.75,489.75,718
124,2020-06-30,490.0,495.5,478.5,483.75,2721
123,2020-06-29,485.5,488.75,473.0,473.5,16749
122,2020-06-26,474.0,487.0,468.25,486.5,64057
121,2020-06-25,486.75,489.25,478.75,480.0,46252
120,2020-06-24,481.25,488.0,480.0,486.75,22216
119,2020-06-23,486.0,488.75,479.25,485.25,38396
118,2020-06-22,485.0,486.0,477.75,480.5,35478
117,2020-06-19,481.25,485.5,476.0,482.75,58288
116,2020-06-18,483.5,492.0,480.5,488.5,51883
115,2020-06-17,488.75,495.75,487.25,494.5,60132
114,2020-06-16,496.0,507.25,491.0,506.5,67274
113,2020-06-15,504.75,505.5,497.5,499.75,51218
112,2020-06-12,502.0,504.75,495.25,499.0,71166
111,2020-06-11,499.25,509.0,498.5,508.75,90884
110,2020-06-10,506.25,509.25,502.5,505.0,77126
109,2020-06-09,504.5,514.0,500.75,512.0,105093
108,2020-06-08,511.5,517.75,508.5,517.0,89831
107,2020-06-05,515.25,527.75,513.25,526.75,100263
106,2020-06-04,523.75,529.0,512.0,512.25,76243
105,2020-06-03,512.0,515.5,506.5,509.75,70048
104,2020-06-02,508.0,517.25,506.75,517.0,76980
103,2020-06-01,515.25,520.75,511.5,520.0,62138
102,2020-05-29,520.75,522.25,511.75,513.5,56405
101,2020-05-28,514.5,518.75,503.75,505.25,64133
100,2020-05-27,504.5,511.75,501.25,507.75,41180
99,2020-05-26,506.75,512.25,504.25,504.25,48956
98,2020-05-22,508.75,516.25,503.25,515.0,59252
97,2020-05-21,516.0,524.0,512.0,515.0,75219
96,2020-05-20,513.75,517.75,496.0,499.5,87800
95,2020-05-19,498.75,501.5,496.25,496.75,43782
94,2020-05-18,497.0,502.75,493.75,501.5,42218
93,2020-05-15,500.25,508.0,497.5,502.5,49768
92,2020-05-14,510.5,510.5,510.5,510.5,44141
91,2020-05-13,510.5,510.5,510.5,510.5,15
90,2020-05-12,521.75,521.75,521.75,521.75,8
89,2020-05-11,524.75,537.75,524.75,537.75,6
88,2020-05-08,529.5,533.0,529.5,529.5,24
87,2020-05-07,529.0,531.0,529.0,531.0,38
86,2020-05-06,524.75,524.75,521.25,521.25,80
85,2020-05-05,525.5,527.0,519.0,519.0,28
84,2020-05-04,524.25,526.75,516.0,516.0,35
83,2020-05-01,521.5,528.75,520.5,528.75,119
82,2020-04-30,529.75,529.75,511.0,517.0,894
81,2020-04-29,519.5,525.0,512.75,525.0,5247
80,2020-04-28,526.75,528.0,517.25,523.0,9158
79,2020-04-27,521.0,530.0,518.25,529.5,12033
78,2020-04-24,526.75,550.75,526.0,549.25,44703
77,2020-04-23,547.0,551.5,538.5,542.0,22944
76,2020-04-22,543.0,549.75,538.0,547.75,18840
75,2020-04-21,546.75,557.0,541.75,551.5,18717
74,2020-04-20,548.75,562.0,535.25,536.0,40953
73,2020-04-17,533.5,536.0,524.5,528.5,23903
72,2020-04-16,529.75,545.25,528.0,538.75,31461
71,2020-04-15,540.25,548.75,529.75,546.5,67687
70,2020-04-14,548.75,556.75,546.0,555.75,53925
69,2020-04-13,555.0,564.5,552.5,560.75,53253
68,2020-04-09,556.5,558.75,546.75,549.25,63609
67,2020-04-08,548.25,554.5,545.0,551.0,57533
66,2020-04-07,549.25,555.75,545.25,555.25,67148
65,2020-04-06,555.75,561.75,549.75,550.0,44545
64,2020-04-03,549.25,556.5,541.5,541.75,44941
63,2020-04-02,541.75,553.25,538.25,550.25,46926
62,2020-04-01,550.25,571.75,546.5,567.25,67309
61,2020-03-31,568.75,575.25,564.25,569.75,66203
60,2020-03-30,569.5,580.75,562.75,572.25,59620
59,2020-03-27,571.25,587.0,563.5,569.5,87575
58,2020-03-26,569.0,583.0,564.5,579.5,76661
57,2020-03-25,580.0,583.25,556.75,560.0,97558
56,2020-03-24,561.5,562.5,549.75,560.5,67261
55,2020-03-23,562.5,563.25,537.25,539.5,86808
54,2020-03-20,539.25,547.0,533.0,534.5,71442
53,2020-03-19,535.0,540.5,508.5,508.5,103082
52,2020-03-18,508.25,512.0,494.5,500.75,68778
51,2020-03-17,499.25,506.5,494.5,496.25,65543
50,2020-03-16,498.0,507.25,491.75,503.0,78982
49,2020-03-13,514.75,514.75,506.5,509.75,69365
48,2020-03-12,508.25,508.75,506.75,506.75,24
47,2020-03-11,517.25,527.5,517.25,527.25,29
46,2020-03-10,526.75,526.75,519.25,524.25,61
45,2020-03-09,522.25,524.0,513.5,516.0,122
44,2020-03-06,521.25,522.75,516.25,520.0,29
43,2020-03-05,524.25,528.5,518.5,521.25,109
42,2020-03-04,521.5,528.0,521.25,528.0,213
41,2020-03-03,528.75,534.5,523.0,523.0,301
40,2020-03-02,526.25,526.25,521.5,523.5,672
39,2020-02-28,529.0,531.25,515.5,531.0,2192
38,2020-02-27,529.25,539.25,528.25,538.75,20812
37,2020-02-26,540.25,542.75,534.75,539.25,19746
36,2020-02-25,539.0,541.25,530.75,539.0,29431
35,2020-02-24,536.25,550.5,534.0,550.25,53342
34,2020-02-21,551.0,569.0,550.5,559.75,81105
33,2020-02-20,560.0,567.5,558.25,565.25,55426
32,2020-02-19,565.25,565.75,553.0,563.0,68274
31,2020-02-18,566.75,570.75,548.0,549.25,123526
30,2020-02-14,542.75,549.5,542.0,544.75,63124
29,2020-02-13,544.25,550.5,540.75,548.5,85047
28,2020-02-12,547.5,549.0,538.25,541.0,91895
27,2020-02-11,542.0,551.75,539.0,551.5,166632
26,2020-02-10,552.0,560.75,551.0,558.75,100463
25,2020-02-07,558.75,563.0,553.25,557.0,64891
24,2020-02-06,556.25,565.5,555.75,563.75,51963
23,2020-02-05,562.0,563.75,555.5,559.25,52869
22,2020-02-04,557.25,564.25,553.5,554.25,69486
21,2020-02-03,555.5,558.0,546.5,551.25,83000
20,2020-01-31,553.75,566.0,552.75,562.5,63922
19,2020-01-30,560.5,562.5,550.75,562.5,77794
18,2020-01-29,562.25,573.25,561.0,571.0,55030
17,2020-01-28,569.75,576.5,565.5,573.0,56857
16,2020-01-27,572.25,573.25,559.5,567.75,78994
15,2020-01-24,573.5,581.75,569.5,581.75,58501
14,2020-01-23,580.5,583.0,575.25,577.75,55850
13,2020-01-22,577.75,592.5,574.5,581.5,84471
12,2020-01-21,581.5,582.75,566.75,572.5,69900
11,2020-01-17,570.5,572.5,564.25,565.5,54666
10,2020-01-16,565.25,573.5,560.0,573.5,58192
9,2020-01-15,573.25,578.75,568.25,569.0,78783
8,2020-01-14,568.5,573.0,559.25,562.25,69294
7,2020-01-13,562.25,565.75,558.5,565.25,51064
6,2020-01-10,564.5,568.5,555.75,562.75,92633
5,2020-01-09,562.25,564.0,552.75,553.75,66455
4,2020-01-08,552.75,555.75,545.25,549.5,51322
3,2020-01-07,550.25,551.0,545.5,549.5,41346
2,2020-01-06,550.0,555.25,546.75,552.5,47904
1,2020-01-03,554.5,562.0,551.75,560.75,44180
0,2020-01-02,560.25,567.5,558.25,559.5,49931
